"System.Private.CoreLib, Version=4.0.0.0, Culture=neutral, PublicKeyToken=b03f5f7f11d50a3a","","1441070923","1AM0AAAAVgBTAF8AVgBFAFIAUwBJAE8ATgBfAEkATgBGAE8AAAAAAL0E7/4AAAEABgAEAAEAv1oGAAQAAQC/Wj8AAAAAAAAABAAAAAIAAAAAAAAAAAAAAAAAAAAyAwAAAQBTAHQAcgBpAG4AZwBGAGkAbABlAEkAbgBmAG8AAAAOAwAAAQAwADQAMAA5ADAANABFADQAAABMABYAAQBDAG8AbQBwAGEAbgB5AE4AYQBtAGUAAAAAAE0AaQBjAHIAbwBzAG8AZgB0ACAAQwBvAHIAcABvAHIAYQB0AGkAbwBuAAAAVgAXAAEARgBpAGwAZQBEAGUAcwBjAHIAaQBwAHQAaQBvAG4AAAAAAFMAeQBzAHQAZQBtAC4AUAByAGkAdgBhAHQAZQAuAEMAbwByAGUATABpAGIAAAAAAGYAIwABAEYAaQBsAGUAVgBlAHIAcwBpAG8AbgAAAAAANAAuADYALgAyADMAMgAzADEALgAwADEAIABiAHUAaQBsAHQAIABiAHkAOgAgAFAAUgBPAEoARQBDAFQATgBSAEUATAAAAAAATgAXAAEASQBuAHQAZQByAG4AYQBsAE4AYQBtAGUAAABTAHkAcwB0AGUAbQAuAFAAcgBpAHYAYQB0AGUALgBDAG8AcgBlAEwAaQBiAAAAAACCAC8AAQBMAGUAZwBhAGwAQwBvAHAAeQByAGkAZwBoAHQAAACpACAATQBpAGMAcgBvAHMAbwBmAHQAIABDAG8AcgBwAG8AcgBhAHQAaQBvAG4ALgAgACAAQQBsAGwAIAByAGkAZwBoAHQAcwAgAHIAZQBzAGUAcgB2AGUAZAAuAAAAAABWABcAAQBPAHIAaQBnAGkAbgBhAGwARgBpAGwAZQBuAGEAbQBlAAAAUwB5AHMAdABlAG0ALgBQAHIAaQB2AGEAdABlAC4AQwBvAHIAZQBMAGkAYgAAAAAAVAAaAAEAUAByAG8AZAB1AGMAdABOAGEAbQBlAAAAAABNAGkAYwByAG8AcwBvAGYAdACuACAALgBOAEUAVAAgAEYAcgBhAG0AZQB3AG8AcgBrAAAAagAjAAEAUAByAG8AZAB1AGMAdABWAGUAcgBzAGkAbwBuAAAANAAuADYALgAyADMAMgAzADEALgAwADEAIABiAHUAaQBsAHQAIABiAHkAOgAgAFAAUgBPAEoARQBDAFQATgBSAEUATAAAAAAARAAAAAEAVgBhAHIARgBpAGwAZQBJAG4AZgBvAAAAAAAkAAQAAABUAHIAYQBuAHMAbABhAHQAaQBvAG4AAAAAAAkE5AQ=","PDBPresent","","v4.0.30319"
"System.ObjectModel, Version=4.0.10.0, Culture=neutral, PublicKeyToken=b03f5f7f11d50a3a","","1437623934","HgQ0AAAAVgBTAF8AVgBFAFIAUwBJAE8ATgBfAEkATgBGAE8AAAAAAL0E7/4AAAEABgAEAAAAU1oAAAAAAAAAAD8AAAAAAAAABAAAAAIAAAAAAAAAAAAAAAAAAABEAAAAAQBWAGEAcgBGAGkAbABlAEkAbgBmAG8AAAAAACQABAAAAFQAcgBhAG4AcwBsAGEAdABpAG8AbgAAAAAAAACwBH4DAAABAFMAdAByAGkAbgBnAEYAaQBsAGUASQBuAGYAbwAAAFoDAAABADAAMAAwADAAMAA0AGIAMAAAAD4AEwABAEMAbwBtAG0AZQBuAHQAcwAAAFMAeQBzAHQAZQBtAC4ATwBiAGoAZQBjAHQATQBvAGQAZQBsAAAAAABMABYAAQBDAG8AbQBwAGEAbgB5AE4AYQBtAGUAAAAAAE0AaQBjAHIAbwBzAG8AZgB0ACAAQwBvAHIAcABvAHIAYQB0AGkAbwBuAAAATgATAAEARgBpAGwAZQBEAGUAcwBjAHIAaQBwAHQAaQBvAG4AAAAAAFMAeQBzAHQAZQBtAC4ATwBiAGoAZQBjAHQATQBvAGQAZQBsAAAAAAA6AA0AAQBGAGkAbABlAFYAZQByAHMAaQBvAG4AAAAAADQALgA2AC4AMgAzADEAMgAzAC4AMAAwAAAAAABOABcAAQBJAG4AdABlAHIAbgBhAGwATgBhAG0AZQAAAFMAeQBzAHQAZQBtAC4ATwBiAGoAZQBjAHQATQBvAGQAZQBsAC4AZABsAGwAAAAAAIIALwABAEwAZQBnAGEAbABDAG8AcAB5AHIAaQBnAGgAdAAAAKkAIABNAGkAYwByAG8AcwBvAGYAdAAgAEMAbwByAHAAbwByAGEAdABpAG8AbgAuACAAIABBAGwAbAAgAHIAaQBnAGgAdABzACAAcgBlAHMAZQByAHYAZQBkAC4AAAAAAFYAFwABAE8AcgBpAGcAaQBuAGEAbABGAGkAbABlAG4AYQBtAGUAAABTAHkAcwB0AGUAbQAuAE8AYgBqAGUAYwB0AE0AbwBkAGUAbAAuAGQAbABsAAAAAABUABoAAQBQAHIAbwBkAHUAYwB0AE4AYQBtAGUAAAAAAE0AaQBjAHIAbwBzAG8AZgB0AK4AIAAuAE4ARQBUACAARgByAGEAbQBlAHcAbwByAGsAAABwACYAAQBQAHIAbwBkAHUAYwB0AFYAZQByAHMAaQBvAG4AAAA0AC4ANgAuADIAMwAxADIAMwAuADAAMAAgAGIAdQBpAGwAdAAgAGIAeQA6ACAARABEAEIATABEADYANQA3AEMALQBkAGwAYQBiAAAAOgAJAAEAQQBzAHMAZQBtAGIAbAB5ACAAVgBlAHIAcwBpAG8AbgAAADQALgAwAC4AMQAwAC4AMAAAAA==","PDBPresent","","v4.0.30319"
"System.Runtime.Implementation, Version=4.0.20.0, Culture=neutral, PublicKeyToken=b03f5f7f11d50a3a","","1441070923","pAM0AAAAVgBTAF8AVgBFAFIAUwBJAE8ATgBfAEkATgBGAE8AAAAAAL0E7/4AAAEABgAEAAAAU1oGAAQAAABTWj8AAAAAAAAABAAAAAIAAAAAAAAAAAAAAAAAAAACAwAAAQBTAHQAcgBpAG4AZwBGAGkAbABlAEkAbgBmAG8AAADeAgAAAQAwADQAMAA5ADAANABFADQAAABMABYAAQBDAG8AbQBwAGEAbgB5AE4AYQBtAGUAAAAAAE0AaQBjAHIAbwBzAG8AZgB0ACAAQwBvAHIAcABvAHIAYQB0AGkAbwBuAAAARgAPAAEARgBpAGwAZQBEAGUAcwBjAHIAaQBwAHQAaQBvAG4AAAAAAFMAeQBzAHQAZQBtAC4AUgB1AG4AdABpAG0AZQAAAAAAZgAjAAEARgBpAGwAZQBWAGUAcgBzAGkAbwBuAAAAAAA0AC4ANgAuADIAMwAxADIAMwAuADAAMAAgAGIAdQBpAGwAdAAgAGIAeQA6ACAAUABSAE8ASgBFAEMAVABLAFIARQBMAAAAAAA+AA8AAQBJAG4AdABlAHIAbgBhAGwATgBhAG0AZQAAAFMAeQBzAHQAZQBtAC4AUgB1AG4AdABpAG0AZQAAAAAAggAvAAEATABlAGcAYQBsAEMAbwBwAHkAcgBpAGcAaAB0AAAAqQAgAE0AaQBjAHIAbwBzAG8AZgB0ACAAQwBvAHIAcABvAHIAYQB0AGkAbwBuAC4AIAAgAEEAbABsACAAcgBpAGcAaAB0AHMAIAByAGUAcwBlAHIAdgBlAGQALgAAAAAARgAPAAEATwByAGkAZwBpAG4AYQBsAEYAaQBsAGUAbgBhAG0AZQAAAFMAeQBzAHQAZQBtAC4AUgB1AG4AdABpAG0AZQAAAAAAVAAaAAEAUAByAG8AZAB1AGMAdABOAGEAbQBlAAAAAABNAGkAYwByAG8AcwBvAGYAdACuACAALgBOAEUAVAAgAEYAcgBhAG0AZQB3AG8AcgBrAAAAagAjAAEAUAByAG8AZAB1AGMAdABWAGUAcgBzAGkAbwBuAAAANAAuADYALgAyADMAMQAyADMALgAwADAAIABiAHUAaQBsAHQAIABiAHkAOgAgAFAAUgBPAEoARQBDAFQASwBSAEUATAAAAAAARAAAAAEAVgBhAHIARgBpAGwAZQBJAG4AZgBvAAAAAAAkAAQAAABUAHIAYQBuAHMAbABhAHQAaQBvAG4AAAAAAAkE5AQ=","PDBPresent","","v4.0.30319"
"System.Private.Reflection.Core, Version=4.0.0.0, Culture=neutral, PublicKeyToken=b03f5f7f11d50a3a","","1441067967","BAQ0AAAAVgBTAF8AVgBFAFIAUwBJAE8ATgBfAEkATgBGAE8AAAAAAL0E7/4AAAEABgAEAAEAv1oGAAQAAQC/Wj8AAAAAAAAABAAAAAIAAAAAAAAAAAAAAAAAAABiAwAAAQBTAHQAcgBpAG4AZwBGAGkAbABlAEkAbgBmAG8AAAA+AwAAAQAwADQAMAA5ADAANABFADQAAABMABYAAQBDAG8AbQBwAGEAbgB5AE4AYQBtAGUAAAAAAE0AaQBjAHIAbwBzAG8AZgB0ACAAQwBvAHIAcABvAHIAYQB0AGkAbwBuAAAAZgAfAAEARgBpAGwAZQBEAGUAcwBjAHIAaQBwAHQAaQBvAG4AAAAAAFMAeQBzAHQAZQBtAC4AUAByAGkAdgBhAHQAZQAuAFIAZQBmAGwAZQBjAHQAaQBvAG4ALgBDAG8AcgBlAAAAAABmACMAAQBGAGkAbABlAFYAZQByAHMAaQBvAG4AAAAAADQALgA2AC4AMgAzADIAMwAxAC4AMAAxACAAYgB1AGkAbAB0ACAAYgB5ADoAIABQAFIATwBKAEUAQwBUAE4AUgBFAEwAAAAAAF4AHwABAEkAbgB0AGUAcgBuAGEAbABOAGEAbQBlAAAAUwB5AHMAdABlAG0ALgBQAHIAaQB2AGEAdABlAC4AUgBlAGYAbABlAGMAdABpAG8AbgAuAEMAbwByAGUAAAAAAIIALwABAEwAZQBnAGEAbABDAG8AcAB5AHIAaQBnAGgAdAAAAKkAIABNAGkAYwByAG8AcwBvAGYAdAAgAEMAbwByAHAAbwByAGEAdABpAG8AbgAuACAAIABBAGwAbAAgAHIAaQBnAGgAdABzACAAcgBlAHMAZQByAHYAZQBkAC4AAAAAAGYAHwABAE8AcgBpAGcAaQBuAGEAbABGAGkAbABlAG4AYQBtAGUAAABTAHkAcwB0AGUAbQAuAFAAcgBpAHYAYQB0AGUALgBSAGUAZgBsAGUAYwB0AGkAbwBuAC4AQwBvAHIAZQAAAAAAVAAaAAEAUAByAG8AZAB1AGMAdABOAGEAbQBlAAAAAABNAGkAYwByAG8AcwBvAGYAdACuACAALgBOAEUAVAAgAEYAcgBhAG0AZQB3AG8AcgBrAAAAagAjAAEAUAByAG8AZAB1AGMAdABWAGUAcgBzAGkAbwBuAAAANAAuADYALgAyADMAMgAzADEALgAwADEAIABiAHUAaQBsAHQAIABiAHkAOgAgAFAAUgBPAEoARQBDAFQATgBSAEUATAAAAAAARAAAAAEAVgBhAHIARgBpAGwAZQBJAG4AZgBvAAAAAAAkAAQAAABUAHIAYQBuAHMAbABhAHQAaQBvAG4AAAAAAAkE5AQ=","PDBPresent","","v4.0.30319"
"System.Linq, Version=4.0.0.0, Culture=neutral, PublicKeyToken=b03f5f7f11d50a3a","","1437623921","3AM0AAAAVgBTAF8AVgBFAFIAUwBJAE8ATgBfAEkATgBGAE8AAAAAAL0E7/4AAAEABgAEAAAAU1oAAAAAAAAAAD8AAAAAAAAABAAAAAIAAAAAAAAAAAAAAAAAAABEAAAAAQBWAGEAcgBGAGkAbABlAEkAbgBmAG8AAAAAACQABAAAAFQAcgBhAG4AcwBsAGEAdABpAG8AbgAAAAAAAACwBDwDAAABAFMAdAByAGkAbgBnAEYAaQBsAGUASQBuAGYAbwAAABgDAAABADAAMAAwADAAMAA0AGIAMAAAADAADAABAEMAbwBtAG0AZQBuAHQAcwAAAFMAeQBzAHQAZQBtAC4ATABpAG4AcQAAAEwAFgABAEMAbwBtAHAAYQBuAHkATgBhAG0AZQAAAAAATQBpAGMAcgBvAHMAbwBmAHQAIABDAG8AcgBwAG8AcgBhAHQAaQBvAG4AAABAAAwAAQBGAGkAbABlAEQAZQBzAGMAcgBpAHAAdABpAG8AbgAAAAAAUwB5AHMAdABlAG0ALgBMAGkAbgBxAAAAOgANAAEARgBpAGwAZQBWAGUAcgBzAGkAbwBuAAAAAAA0AC4ANgAuADIAMwAxADIAMwAuADAAMAAAAAAAQAAQAAEASQBuAHQAZQByAG4AYQBsAE4AYQBtAGUAAABTAHkAcwB0AGUAbQAuAEwAaQBuAHEALgBkAGwAbAAAAIIALwABAEwAZQBnAGEAbABDAG8AcAB5AHIAaQBnAGgAdAAAAKkAIABNAGkAYwByAG8AcwBvAGYAdAAgAEMAbwByAHAAbwByAGEAdABpAG8AbgAuACAAIABBAGwAbAAgAHIAaQBnAGgAdABzACAAcgBlAHMAZQByAHYAZQBkAC4AAAAAAEgAEAABAE8AcgBpAGcAaQBuAGEAbABGAGkAbABlAG4AYQBtAGUAAABTAHkAcwB0AGUAbQAuAEwAaQBuAHEALgBkAGwAbAAAAFQAGgABAFAAcgBvAGQAdQBjAHQATgBhAG0AZQAAAAAATQBpAGMAcgBvAHMAbwBmAHQArgAgAC4ATgBFAFQAIABGAHIAYQBtAGUAdwBvAHIAawAAAHAAJgABAFAAcgBvAGQAdQBjAHQAVgBlAHIAcwBpAG8AbgAAADQALgA2AC4AMgAzADEAMgAzAC4AMAAwACAAYgB1AGkAbAB0ACAAYgB5ADoAIABEAEQAQgBMAEQANgA1ADcAQwAtAGQAbABhAGIAAAA4AAgAAQBBAHMAcwBlAG0AYgBsAHkAIABWAGUAcgBzAGkAbwBuAAAANAAuADAALgAwAC4AMAAAAA==","PDBPresent","","v4.0.30319"
"System.Collections, Version=4.0.10.0, Culture=neutral, PublicKeyToken=b03f5f7f11d50a3a","","1437623889","vAM0AAAAVgBTAF8AVgBFAFIAUwBJAE8ATgBfAEkATgBGAE8AAAAAAL0E7/4AAAEABgAEAAAAU1oGAAQAAABTWj8AAAAAAAAABAAAAAIAAAAAAAAAAAAAAAAAAAAaAwAAAQBTAHQAcgBpAG4AZwBGAGkAbABlAEkAbgBmAG8AAAD2AgAAAQAwADQAMAA5ADAANABFADQAAABMABYAAQBDAG8AbQBwAGEAbgB5AE4AYQBtAGUAAAAAAE0AaQBjAHIAbwBzAG8AZgB0ACAAQwBvAHIAcABvAHIAYQB0AGkAbwBuAAAATgATAAEARgBpAGwAZQBEAGUAcwBjAHIAaQBwAHQAaQBvAG4AAAAAAFMAeQBzAHQAZQBtAC4AQwBvAGwAbABlAGMAdABpAG8AbgBzAAAAAABmACMAAQBGAGkAbABlAFYAZQByAHMAaQBvAG4AAAAAADQALgA2AC4AMgAzADEAMgAzAC4AMAAwACAAYgB1AGkAbAB0ACAAYgB5ADoAIABQAFIATwBKAEUAQwBUAEsAUgBFAEwAAAAAAEYAEwABAEkAbgB0AGUAcgBuAGEAbABOAGEAbQBlAAAAUwB5AHMAdABlAG0ALgBDAG8AbABsAGUAYwB0AGkAbwBuAHMAAAAAAIIALwABAEwAZQBnAGEAbABDAG8AcAB5AHIAaQBnAGgAdAAAAKkAIABNAGkAYwByAG8AcwBvAGYAdAAgAEMAbwByAHAAbwByAGEAdABpAG8AbgAuACAAIABBAGwAbAAgAHIAaQBnAGgAdABzACAAcgBlAHMAZQByAHYAZQBkAC4AAAAAAE4AEwABAE8AcgBpAGcAaQBuAGEAbABGAGkAbABlAG4AYQBtAGUAAABTAHkAcwB0AGUAbQAuAEMAbwBsAGwAZQBjAHQAaQBvAG4AcwAAAAAAVAAaAAEAUAByAG8AZAB1AGMAdABOAGEAbQBlAAAAAABNAGkAYwByAG8AcwBvAGYAdACuACAALgBOAEUAVAAgAEYAcgBhAG0AZQB3AG8AcgBrAAAAagAjAAEAUAByAG8AZAB1AGMAdABWAGUAcgBzAGkAbwBuAAAANAAuADYALgAyADMAMQAyADMALgAwADAAIABiAHUAaQBsAHQAIABiAHkAOgAgAFAAUgBPAEoARQBDAFQASwBSAEUATAAAAAAARAAAAAEAVgBhAHIARgBpAGwAZQBJAG4AZgBvAAAAAAAkAAQAAABUAHIAYQBuAHMAbABhAHQAaQBvAG4AAAAAAAkE5AQ=","PDBPresent","","v4.0.30319"
"System.Linq.Expressions, Version=4.0.10.0, Culture=neutral, PublicKeyToken=b03f5f7f11d50a3a","","1437623918","1AM0AAAAVgBTAF8AVgBFAFIAUwBJAE8ATgBfAEkATgBGAE8AAAAAAL0E7/4AAAEABgAEAAAAU1oGAAQAAABTWj8AAAAAAAAABAAAAAIAAAAAAAAAAAAAAAAAAAAyAwAAAQBTAHQAcgBpAG4AZwBGAGkAbABlAEkAbgBmAG8AAAAOAwAAAQAwADQAMAA5ADAANABFADQAAABMABYAAQBDAG8AbQBwAGEAbgB5AE4AYQBtAGUAAAAAAE0AaQBjAHIAbwBzAG8AZgB0ACAAQwBvAHIAcABvAHIAYQB0AGkAbwBuAAAAWAAYAAEARgBpAGwAZQBEAGUAcwBjAHIAaQBwAHQAaQBvAG4AAAAAAFMAeQBzAHQAZQBtAC4ATABpAG4AcQAuAEUAeABwAHIAZQBzAHMAaQBvAG4AcwAAAGYAIwABAEYAaQBsAGUAVgBlAHIAcwBpAG8AbgAAAAAANAAuADYALgAyADMAMQAyADMALgAwADAAIABiAHUAaQBsAHQAIABiAHkAOgAgAFAAUgBPAEoARQBDAFQASwBSAEUATAAAAAAAUAAYAAEASQBuAHQAZQByAG4AYQBsAE4AYQBtAGUAAABTAHkAcwB0AGUAbQAuAEwAaQBuAHEALgBFAHgAcAByAGUAcwBzAGkAbwBuAHMAAACCAC8AAQBMAGUAZwBhAGwAQwBvAHAAeQByAGkAZwBoAHQAAACpACAATQBpAGMAcgBvAHMAbwBmAHQAIABDAG8AcgBwAG8AcgBhAHQAaQBvAG4ALgAgACAAQQBsAGwAIAByAGkAZwBoAHQAcwAgAHIAZQBzAGUAcgB2AGUAZAAuAAAAAABYABgAAQBPAHIAaQBnAGkAbgBhAGwARgBpAGwAZQBuAGEAbQBlAAAAUwB5AHMAdABlAG0ALgBMAGkAbgBxAC4ARQB4AHAAcgBlAHMAcwBpAG8AbgBzAAAAVAAaAAEAUAByAG8AZAB1AGMAdABOAGEAbQBlAAAAAABNAGkAYwByAG8AcwBvAGYAdACuACAALgBOAEUAVAAgAEYAcgBhAG0AZQB3AG8AcgBrAAAAagAjAAEAUAByAG8AZAB1AGMAdABWAGUAcgBzAGkAbwBuAAAANAAuADYALgAyADMAMQAyADMALgAwADAAIABiAHUAaQBsAHQAIABiAHkAOgAgAFAAUgBPAEoARQBDAFQASwBSAEUATAAAAAAARAAAAAEAVgBhAHIARgBpAGwAZQBJAG4AZgBvAAAAAAAkAAQAAABUAHIAYQBuAHMAbABhAHQAaQBvAG4AAAAAAAkE5AQ=","PDBPresent","","v4.0.30319"
"System.Private.Reflection.Execution, Version=4.0.0.0, Culture=neutral, PublicKeyToken=b03f5f7f11d50a3a","","1441067996","HAQ0AAAAVgBTAF8AVgBFAFIAUwBJAE8ATgBfAEkATgBGAE8AAAAAAL0E7/4AAAEABgAEAAEAv1oGAAQAAQC/Wj8AAAAAAAAABAAAAAIAAAAAAAAAAAAAAAAAAAB6AwAAAQBTAHQAcgBpAG4AZwBGAGkAbABlAEkAbgBmAG8AAABWAwAAAQAwADQAMAA5ADAANABFADQAAABMABYAAQBDAG8AbQBwAGEAbgB5AE4AYQBtAGUAAAAAAE0AaQBjAHIAbwBzAG8AZgB0ACAAQwBvAHIAcABvAHIAYQB0AGkAbwBuAAAAcAAkAAEARgBpAGwAZQBEAGUAcwBjAHIAaQBwAHQAaQBvAG4AAAAAAFMAeQBzAHQAZQBtAC4AUAByAGkAdgBhAHQAZQAuAFIAZQBmAGwAZQBjAHQAaQBvAG4ALgBFAHgAZQBjAHUAdABpAG8AbgAAAGYAIwABAEYAaQBsAGUAVgBlAHIAcwBpAG8AbgAAAAAANAAuADYALgAyADMAMgAzADEALgAwADEAIABiAHUAaQBsAHQAIABiAHkAOgAgAFAAUgBPAEoARQBDAFQATgBSAEUATAAAAAAAaAAkAAEASQBuAHQAZQByAG4AYQBsAE4AYQBtAGUAAABTAHkAcwB0AGUAbQAuAFAAcgBpAHYAYQB0AGUALgBSAGUAZgBsAGUAYwB0AGkAbwBuAC4ARQB4AGUAYwB1AHQAaQBvAG4AAACCAC8AAQBMAGUAZwBhAGwAQwBvAHAAeQByAGkAZwBoAHQAAACpACAATQBpAGMAcgBvAHMAbwBmAHQAIABDAG8AcgBwAG8AcgBhAHQAaQBvAG4ALgAgACAAQQBsAGwAIAByAGkAZwBoAHQAcwAgAHIAZQBzAGUAcgB2AGUAZAAuAAAAAABwACQAAQBPAHIAaQBnAGkAbgBhAGwARgBpAGwAZQBuAGEAbQBlAAAAUwB5AHMAdABlAG0ALgBQAHIAaQB2AGEAdABlAC4AUgBlAGYAbABlAGMAdABpAG8AbgAuAEUAeABlAGMAdQB0AGkAbwBuAAAAVAAaAAEAUAByAG8AZAB1AGMAdABOAGEAbQBlAAAAAABNAGkAYwByAG8AcwBvAGYAdACuACAALgBOAEUAVAAgAEYAcgBhAG0AZQB3AG8AcgBrAAAAagAjAAEAUAByAG8AZAB1AGMAdABWAGUAcgBzAGkAbwBuAAAANAAuADYALgAyADMAMgAzADEALgAwADEAIABiAHUAaQBsAHQAIABiAHkAOgAgAFAAUgBPAEoARQBDAFQATgBSAEUATAAAAAAARAAAAAEAVgBhAHIARgBpAGwAZQBJAG4AZgBvAAAAAAAkAAQAAABUAHIAYQBuAHMAbABhAHQAaQBvAG4AAAAAAAkE5AQ=","PDBPresent","","v4.0.30319"
"System.Private.Threading, Version=4.0.0.0, Culture=neutral, PublicKeyToken=b03f5f7f11d50a3a","","1441067983","4AM0AAAAVgBTAF8AVgBFAFIAUwBJAE8ATgBfAEkATgBGAE8AAAAAAL0E7/4AAAEABgAEAAEAv1oGAAQAAQC/Wj8AAAAAAAAABAAAAAIAAAAAAAAAAAAAAAAAAAA+AwAAAQBTAHQAcgBpAG4AZwBGAGkAbABlAEkAbgBmAG8AAAAaAwAAAQAwADQAMAA5ADAANABFADQAAABMABYAAQBDAG8AbQBwAGEAbgB5AE4AYQBtAGUAAAAAAE0AaQBjAHIAbwBzAG8AZgB0ACAAQwBvAHIAcABvAHIAYQB0AGkAbwBuAAAAWgAZAAEARgBpAGwAZQBEAGUAcwBjAHIAaQBwAHQAaQBvAG4AAAAAAFMAeQBzAHQAZQBtAC4AUAByAGkAdgBhAHQAZQAuAFQAaAByAGUAYQBkAGkAbgBnAAAAAABmACMAAQBGAGkAbABlAFYAZQByAHMAaQBvAG4AAAAAADQALgA2AC4AMgAzADIAMwAxAC4AMAAxACAAYgB1AGkAbAB0ACAAYgB5ADoAIABQAFIATwBKAEUAQwBUAE4AUgBFAEwAAAAAAFIAGQABAEkAbgB0AGUAcgBuAGEAbABOAGEAbQBlAAAAUwB5AHMAdABlAG0ALgBQAHIAaQB2AGEAdABlAC4AVABoAHIAZQBhAGQAaQBuAGcAAAAAAIIALwABAEwAZQBnAGEAbABDAG8AcAB5AHIAaQBnAGgAdAAAAKkAIABNAGkAYwByAG8AcwBvAGYAdAAgAEMAbwByAHAAbwByAGEAdABpAG8AbgAuACAAIABBAGwAbAAgAHIAaQBnAGgAdABzACAAcgBlAHMAZQByAHYAZQBkAC4AAAAAAFoAGQABAE8AcgBpAGcAaQBuAGEAbABGAGkAbABlAG4AYQBtAGUAAABTAHkAcwB0AGUAbQAuAFAAcgBpAHYAYQB0AGUALgBUAGgAcgBlAGEAZABpAG4AZwAAAAAAVAAaAAEAUAByAG8AZAB1AGMAdABOAGEAbQBlAAAAAABNAGkAYwByAG8AcwBvAGYAdACuACAALgBOAEUAVAAgAEYAcgBhAG0AZQB3AG8AcgBrAAAAagAjAAEAUAByAG8AZAB1AGMAdABWAGUAcgBzAGkAbwBuAAAANAAuADYALgAyADMAMgAzADEALgAwADEAIABiAHUAaQBsAHQAIABiAHkAOgAgAFAAUgBPAEoARQBDAFQATgBSAEUATAAAAAAARAAAAAEAVgBhAHIARgBpAGwAZQBJAG4AZgBvAAAAAAAkAAQAAABUAHIAYQBuAHMAbABhAHQAaQBvAG4AAAAAAAkE5AQ=","PDBPresent","","v4.0.30319"
"System.Private.Reflection.Metadata, Version=4.0.0.0, Culture=neutral, PublicKeyToken=b03f5f7f11d50a3a","","1441067969","HAQ0AAAAVgBTAF8AVgBFAFIAUwBJAE8ATgBfAEkATgBGAE8AAAAAAL0E7/4AAAEABgAEAAEAv1oGAAQAAQC/Wj8AAAAAAAAABAAAAAIAAAAAAAAAAAAAAAAAAAB6AwAAAQBTAHQAcgBpAG4AZwBGAGkAbABlAEkAbgBmAG8AAABWAwAAAQAwADQAMAA5ADAANABFADQAAABMABYAAQBDAG8AbQBwAGEAbgB5AE4AYQBtAGUAAAAAAE0AaQBjAHIAbwBzAG8AZgB0ACAAQwBvAHIAcABvAHIAYQB0AGkAbwBuAAAAbgAjAAEARgBpAGwAZQBEAGUAcwBjAHIAaQBwAHQAaQBvAG4AAAAAAFMAeQBzAHQAZQBtAC4AUAByAGkAdgBhAHQAZQAuAFIAZQBmAGwAZQBjAHQAaQBvAG4ALgBNAGUAdABhAGQAYQB0AGEAAAAAAGYAIwABAEYAaQBsAGUAVgBlAHIAcwBpAG8AbgAAAAAANAAuADYALgAyADMAMgAzADEALgAwADEAIABiAHUAaQBsAHQAIABiAHkAOgAgAFAAUgBPAEoARQBDAFQATgBSAEUATAAAAAAAZgAjAAEASQBuAHQAZQByAG4AYQBsAE4AYQBtAGUAAABTAHkAcwB0AGUAbQAuAFAAcgBpAHYAYQB0AGUALgBSAGUAZgBsAGUAYwB0AGkAbwBuAC4ATQBlAHQAYQBkAGEAdABhAAAAAACCAC8AAQBMAGUAZwBhAGwAQwBvAHAAeQByAGkAZwBoAHQAAACpACAATQBpAGMAcgBvAHMAbwBmAHQAIABDAG8AcgBwAG8AcgBhAHQAaQBvAG4ALgAgACAAQQBsAGwAIAByAGkAZwBoAHQAcwAgAHIAZQBzAGUAcgB2AGUAZAAuAAAAAABuACMAAQBPAHIAaQBnAGkAbgBhAGwARgBpAGwAZQBuAGEAbQBlAAAAUwB5AHMAdABlAG0ALgBQAHIAaQB2AGEAdABlAC4AUgBlAGYAbABlAGMAdABpAG8AbgAuAE0AZQB0AGEAZABhAHQAYQAAAAAAVAAaAAEAUAByAG8AZAB1AGMAdABOAGEAbQBlAAAAAABNAGkAYwByAG8AcwBvAGYAdACuACAALgBOAEUAVAAgAEYAcgBhAG0AZQB3AG8AcgBrAAAAagAjAAEAUAByAG8AZAB1AGMAdABWAGUAcgBzAGkAbwBuAAAANAAuADYALgAyADMAMgAzADEALgAwADEAIABiAHUAaQBsAHQAIABiAHkAOgAgAFAAUgBPAEoARQBDAFQATgBSAEUATAAAAAAARAAAAAEAVgBhAHIARgBpAGwAZQBJAG4AZgBvAAAAAAAkAAQAAABUAHIAYQBuAHMAbABhAHQAaQBvAG4AAAAAAAkE5AQ=","PDBPresent","","v4.0.30319"
"System.Collections.Concurrent, Version=4.0.10.0, Culture=neutral, PublicKeyToken=b03f5f7f11d50a3a","","1437623885","bgQ0AAAAVgBTAF8AVgBFAFIAUwBJAE8ATgBfAEkATgBGAE8AAAAAAL0E7/4AAAEABgAEAAAAU1oAAAAAAAAAAD8AAAAAAAAABAAAAAIAAAAAAAAAAAAAAAAAAABEAAAAAQBWAGEAcgBGAGkAbABlAEkAbgBmAG8AAAAAACQABAAAAFQAcgBhAG4AcwBsAGEAdABpAG8AbgAAAAAAAACwBM4DAAABAFMAdAByAGkAbgBnAEYAaQBsAGUASQBuAGYAbwAAAKoDAAABADAAMAAwADAAMAA0AGIAMAAAAFQAHgABAEMAbwBtAG0AZQBuAHQAcwAAAFMAeQBzAHQAZQBtAC4AQwBvAGwAbABlAGMAdABpAG8AbgBzAC4AQwBvAG4AYwB1AHIAcgBlAG4AdAAAAEwAFgABAEMAbwBtAHAAYQBuAHkATgBhAG0AZQAAAAAATQBpAGMAcgBvAHMAbwBmAHQAIABDAG8AcgBwAG8AcgBhAHQAaQBvAG4AAABkAB4AAQBGAGkAbABlAEQAZQBzAGMAcgBpAHAAdABpAG8AbgAAAAAAUwB5AHMAdABlAG0ALgBDAG8AbABsAGUAYwB0AGkAbwBuAHMALgBDAG8AbgBjAHUAcgByAGUAbgB0AAAAOgANAAEARgBpAGwAZQBWAGUAcgBzAGkAbwBuAAAAAAA0AC4ANgAuADIAMwAxADIAMwAuADAAMAAAAAAAZAAiAAEASQBuAHQAZQByAG4AYQBsAE4AYQBtAGUAAABTAHkAcwB0AGUAbQAuAEMAbwBsAGwAZQBjAHQAaQBvAG4AcwAuAEMAbwBuAGMAdQByAHIAZQBuAHQALgBkAGwAbAAAAIIALwABAEwAZQBnAGEAbABDAG8AcAB5AHIAaQBnAGgAdAAAAKkAIABNAGkAYwByAG8AcwBvAGYAdAAgAEMAbwByAHAAbwByAGEAdABpAG8AbgAuACAAIABBAGwAbAAgAHIAaQBnAGgAdABzACAAcgBlAHMAZQByAHYAZQBkAC4AAAAAAGwAIgABAE8AcgBpAGcAaQBuAGEAbABGAGkAbABlAG4AYQBtAGUAAABTAHkAcwB0AGUAbQAuAEMAbwBsAGwAZQBjAHQAaQBvAG4AcwAuAEMAbwBuAGMAdQByAHIAZQBuAHQALgBkAGwAbAAAAFQAGgABAFAAcgBvAGQAdQBjAHQATgBhAG0AZQAAAAAATQBpAGMAcgBvAHMAbwBmAHQArgAgAC4ATgBFAFQAIABGAHIAYQBtAGUAdwBvAHIAawAAAHAAJgABAFAAcgBvAGQAdQBjAHQAVgBlAHIAcwBpAG8AbgAAADQALgA2AC4AMgAzADEAMgAzAC4AMAAwACAAYgB1AGkAbAB0ACAAYgB5ADoAIABEAEQAQgBMAEQANgA1ADcAQwAtAGQAbABhAGIAAAA6AAkAAQBBAHMAcwBlAG0AYgBsAHkAIABWAGUAcgBzAGkAbwBuAAAANAAuADAALgAxADAALgAwAAAA","PDBPresent","","v4.0.30319"
"System.Private.Reflection, Version=4.0.0.0, Culture=neutral, PublicKeyToken=b03f5f7f11d50a3a","","1441067971","4AM0AAAAVgBTAF8AVgBFAFIAUwBJAE8ATgBfAEkATgBGAE8AAAAAAL0E7/4AAAEABgAEAAEAv1oGAAQAAQC/Wj8AAAAAAAAABAAAAAIAAAAAAAAAAAAAAAAAAAA+AwAAAQBTAHQAcgBpAG4AZwBGAGkAbABlAEkAbgBmAG8AAAAaAwAAAQAwADQAMAA5ADAANABFADQAAABMABYAAQBDAG8AbQBwAGEAbgB5AE4AYQBtAGUAAAAAAE0AaQBjAHIAbwBzAG8AZgB0ACAAQwBvAHIAcABvAHIAYQB0AGkAbwBuAAAAXAAaAAEARgBpAGwAZQBEAGUAcwBjAHIAaQBwAHQAaQBvAG4AAAAAAFMAeQBzAHQAZQBtAC4AUAByAGkAdgBhAHQAZQAuAFIAZQBmAGwAZQBjAHQAaQBvAG4AAABmACMAAQBGAGkAbABlAFYAZQByAHMAaQBvAG4AAAAAADQALgA2AC4AMgAzADIAMwAxAC4AMAAxACAAYgB1AGkAbAB0ACAAYgB5ADoAIABQAFIATwBKAEUAQwBUAE4AUgBFAEwAAAAAAFQAGgABAEkAbgB0AGUAcgBuAGEAbABOAGEAbQBlAAAAUwB5AHMAdABlAG0ALgBQAHIAaQB2AGEAdABlAC4AUgBlAGYAbABlAGMAdABpAG8AbgAAAIIALwABAEwAZQBnAGEAbABDAG8AcAB5AHIAaQBnAGgAdAAAAKkAIABNAGkAYwByAG8AcwBvAGYAdAAgAEMAbwByAHAAbwByAGEAdABpAG8AbgAuACAAIABBAGwAbAAgAHIAaQBnAGgAdABzACAAcgBlAHMAZQByAHYAZQBkAC4AAAAAAFwAGgABAE8AcgBpAGcAaQBuAGEAbABGAGkAbABlAG4AYQBtAGUAAABTAHkAcwB0AGUAbQAuAFAAcgBpAHYAYQB0AGUALgBSAGUAZgBsAGUAYwB0AGkAbwBuAAAAVAAaAAEAUAByAG8AZAB1AGMAdABOAGEAbQBlAAAAAABNAGkAYwByAG8AcwBvAGYAdACuACAALgBOAEUAVAAgAEYAcgBhAG0AZQB3AG8AcgBrAAAAagAjAAEAUAByAG8AZAB1AGMAdABWAGUAcgBzAGkAbwBuAAAANAAuADYALgAyADMAMgAzADEALgAwADEAIABiAHUAaQBsAHQAIABiAHkAOgAgAFAAUgBPAEoARQBDAFQATgBSAEUATAAAAAAARAAAAAEAVgBhAHIARgBpAGwAZQBJAG4AZgBvAAAAAAAkAAQAAABUAHIAYQBuAHMAbABhAHQAaQBvAG4AAAAAAAkE5AQ=","PDBPresent","","v4.0.30319"
"System.Runtime.Extensions, Version=4.0.10.0, Culture=neutral, PublicKeyToken=b03f5f7f11d50a3a","","1437623964","4AM0AAAAVgBTAF8AVgBFAFIAUwBJAE8ATgBfAEkATgBGAE8AAAAAAL0E7/4AAAEABgAEAAAAU1oGAAQAAABTWj8AAAAAAAAABAAAAAIAAAAAAAAAAAAAAAAAAAA+AwAAAQBTAHQAcgBpAG4AZwBGAGkAbABlAEkAbgBmAG8AAAAaAwAAAQAwADQAMAA5ADAANABFADQAAABMABYAAQBDAG8AbQBwAGEAbgB5AE4AYQBtAGUAAAAAAE0AaQBjAHIAbwBzAG8AZgB0ACAAQwBvAHIAcABvAHIAYQB0AGkAbwBuAAAAXAAaAAEARgBpAGwAZQBEAGUAcwBjAHIAaQBwAHQAaQBvAG4AAAAAAFMAeQBzAHQAZQBtAC4AUgB1AG4AdABpAG0AZQAuAEUAeAB0AGUAbgBzAGkAbwBuAHMAAABmACMAAQBGAGkAbABlAFYAZQByAHMAaQBvAG4AAAAAADQALgA2AC4AMgAzADEAMgAzAC4AMAAwACAAYgB1AGkAbAB0ACAAYgB5ADoAIABQAFIATwBKAEUAQwBUAEsAUgBFAEwAAAAAAFQAGgABAEkAbgB0AGUAcgBuAGEAbABOAGEAbQBlAAAAUwB5AHMAdABlAG0ALgBSAHUAbgB0AGkAbQBlAC4ARQB4AHQAZQBuAHMAaQBvAG4AcwAAAIIALwABAEwAZQBnAGEAbABDAG8AcAB5AHIAaQBnAGgAdAAAAKkAIABNAGkAYwByAG8AcwBvAGYAdAAgAEMAbwByAHAAbwByAGEAdABpAG8AbgAuACAAIABBAGwAbAAgAHIAaQBnAGgAdABzACAAcgBlAHMAZQByAHYAZQBkAC4AAAAAAFwAGgABAE8AcgBpAGcAaQBuAGEAbABGAGkAbABlAG4AYQBtAGUAAABTAHkAcwB0AGUAbQAuAFIAdQBuAHQAaQBtAGUALgBFAHgAdABlAG4AcwBpAG8AbgBzAAAAVAAaAAEAUAByAG8AZAB1AGMAdABOAGEAbQBlAAAAAABNAGkAYwByAG8AcwBvAGYAdACuACAALgBOAEUAVAAgAEYAcgBhAG0AZQB3AG8AcgBrAAAAagAjAAEAUAByAG8AZAB1AGMAdABWAGUAcgBzAGkAbwBuAAAANAAuADYALgAyADMAMQAyADMALgAwADAAIABiAHUAaQBsAHQAIABiAHkAOgAgAFAAUgBPAEoARQBDAFQASwBSAEUATAAAAAAARAAAAAEAVgBhAHIARgBpAGwAZQBJAG4AZgBvAAAAAAAkAAQAAABUAHIAYQBuAHMAbABhAHQAaQBvAG4AAAAAAAkE5AQ=","PDBPresent","","v4.0.30319"
"System.Reflection.Extensions, Version=4.0.0.0, Culture=neutral, PublicKeyToken=b03f5f7f11d50a3a","","1437623971","+AM0AAAAVgBTAF8AVgBFAFIAUwBJAE8ATgBfAEkATgBGAE8AAAAAAL0E7/4AAAEABgAEAAAAU1oGAAQAAABTWj8AAAAAAAAABAAAAAIAAAAAAAAAAAAAAAAAAABWAwAAAQBTAHQAcgBpAG4AZwBGAGkAbABlAEkAbgBmAG8AAAAyAwAAAQAwADQAMAA5ADAANABFADQAAABMABYAAQBDAG8AbQBwAGEAbgB5AE4AYQBtAGUAAAAAAE0AaQBjAHIAbwBzAG8AZgB0ACAAQwBvAHIAcABvAHIAYQB0AGkAbwBuAAAAYgAdAAEARgBpAGwAZQBEAGUAcwBjAHIAaQBwAHQAaQBvAG4AAAAAAFMAeQBzAHQAZQBtAC4AUgBlAGYAbABlAGMAdABpAG8AbgAuAEUAeAB0AGUAbgBzAGkAbwBuAHMAAAAAAGYAIwABAEYAaQBsAGUAVgBlAHIAcwBpAG8AbgAAAAAANAAuADYALgAyADMAMQAyADMALgAwADAAIABiAHUAaQBsAHQAIABiAHkAOgAgAFAAUgBPAEoARQBDAFQASwBSAEUATAAAAAAAWgAdAAEASQBuAHQAZQByAG4AYQBsAE4AYQBtAGUAAABTAHkAcwB0AGUAbQAuAFIAZQBmAGwAZQBjAHQAaQBvAG4ALgBFAHgAdABlAG4AcwBpAG8AbgBzAAAAAACCAC8AAQBMAGUAZwBhAGwAQwBvAHAAeQByAGkAZwBoAHQAAACpACAATQBpAGMAcgBvAHMAbwBmAHQAIABDAG8AcgBwAG8AcgBhAHQAaQBvAG4ALgAgACAAQQBsAGwAIAByAGkAZwBoAHQAcwAgAHIAZQBzAGUAcgB2AGUAZAAuAAAAAABiAB0AAQBPAHIAaQBnAGkAbgBhAGwARgBpAGwAZQBuAGEAbQBlAAAAUwB5AHMAdABlAG0ALgBSAGUAZgBsAGUAYwB0AGkAbwBuAC4ARQB4AHQAZQBuAHMAaQBvAG4AcwAAAAAAVAAaAAEAUAByAG8AZAB1AGMAdABOAGEAbQBlAAAAAABNAGkAYwByAG8AcwBvAGYAdACuACAALgBOAEUAVAAgAEYAcgBhAG0AZQB3AG8AcgBrAAAAagAjAAEAUAByAG8AZAB1AGMAdABWAGUAcgBzAGkAbwBuAAAANAAuADYALgAyADMAMQAyADMALgAwADAAIABiAHUAaQBsAHQAIABiAHkAOgAgAFAAUgBPAEoARQBDAFQASwBSAEUATAAAAAAARAAAAAEAVgBhAHIARgBpAGwAZQBJAG4AZgBvAAAAAAAkAAQAAABUAHIAYQBuAHMAbABhAHQAaQBvAG4AAAAAAAkE5AQ=","PDBPresent","","v4.0.30319"
"System.IO, Version=4.0.10.0, Culture=neutral, PublicKeyToken=b03f5f7f11d50a3a","","1437623914","gAM0AAAAVgBTAF8AVgBFAFIAUwBJAE8ATgBfAEkATgBGAE8AAAAAAL0E7/4AAAEABgAEAAAAU1oGAAQAAABTWj8AAAAAAAAABAAAAAIAAAAAAAAAAAAAAAAAAADeAgAAAQBTAHQAcgBpAG4AZwBGAGkAbABlAEkAbgBmAG8AAAC6AgAAAQAwADQAMAA5ADAANABFADQAAABMABYAAQBDAG8AbQBwAGEAbgB5AE4AYQBtAGUAAAAAAE0AaQBjAHIAbwBzAG8AZgB0ACAAQwBvAHIAcABvAHIAYQB0AGkAbwBuAAAAPAAKAAEARgBpAGwAZQBEAGUAcwBjAHIAaQBwAHQAaQBvAG4AAAAAAFMAeQBzAHQAZQBtAC4ASQBPAAAAZgAjAAEARgBpAGwAZQBWAGUAcgBzAGkAbwBuAAAAAAA0AC4ANgAuADIAMwAxADIAMwAuADAAMAAgAGIAdQBpAGwAdAAgAGIAeQA6ACAAUABSAE8ASgBFAEMAVABLAFIARQBMAAAAAAA0AAoAAQBJAG4AdABlAHIAbgBhAGwATgBhAG0AZQAAAFMAeQBzAHQAZQBtAC4ASQBPAAAAggAvAAEATABlAGcAYQBsAEMAbwBwAHkAcgBpAGcAaAB0AAAAqQAgAE0AaQBjAHIAbwBzAG8AZgB0ACAAQwBvAHIAcABvAHIAYQB0AGkAbwBuAC4AIAAgAEEAbABsACAAcgBpAGcAaAB0AHMAIAByAGUAcwBlAHIAdgBlAGQALgAAAAAAPAAKAAEATwByAGkAZwBpAG4AYQBsAEYAaQBsAGUAbgBhAG0AZQAAAFMAeQBzAHQAZQBtAC4ASQBPAAAAVAAaAAEAUAByAG8AZAB1AGMAdABOAGEAbQBlAAAAAABNAGkAYwByAG8AcwBvAGYAdACuACAALgBOAEUAVAAgAEYAcgBhAG0AZQB3AG8AcgBrAAAAagAjAAEAUAByAG8AZAB1AGMAdABWAGUAcgBzAGkAbwBuAAAANAAuADYALgAyADMAMQAyADMALgAwADAAIABiAHUAaQBsAHQAIABiAHkAOgAgAFAAUgBPAEoARQBDAFQASwBSAEUATAAAAAAARAAAAAEAVgBhAHIARgBpAGwAZQBJAG4AZgBvAAAAAAAkAAQAAABUAHIAYQBuAHMAbABhAHQAaQBvAG4AAAAAAAkE5AQ=","PDBPresent","","v4.0.30319"
"System.Reflection.TypeExtensions, Version=4.0.0.0, Culture=neutral, PublicKeyToken=b03f5f7f11d50a3a","","1437623953","EAQ0AAAAVgBTAF8AVgBFAFIAUwBJAE8ATgBfAEkATgBGAE8AAAAAAL0E7/4AAAEABgAEAAAAU1oGAAQAAABTWj8AAAAAAAAABAAAAAIAAAAAAAAAAAAAAAAAAABuAwAAAQBTAHQAcgBpAG4AZwBGAGkAbABlAEkAbgBmAG8AAABKAwAAAQAwADQAMAA5ADAANABFADQAAABMABYAAQBDAG8AbQBwAGEAbgB5AE4AYQBtAGUAAAAAAE0AaQBjAHIAbwBzAG8AZgB0ACAAQwBvAHIAcABvAHIAYQB0AGkAbwBuAAAAagAhAAEARgBpAGwAZQBEAGUAcwBjAHIAaQBwAHQAaQBvAG4AAAAAAFMAeQBzAHQAZQBtAC4AUgBlAGYAbABlAGMAdABpAG8AbgAuAFQAeQBwAGUARQB4AHQAZQBuAHMAaQBvAG4AcwAAAAAAZgAjAAEARgBpAGwAZQBWAGUAcgBzAGkAbwBuAAAAAAA0AC4ANgAuADIAMwAxADIAMwAuADAAMAAgAGIAdQBpAGwAdAAgAGIAeQA6ACAAUABSAE8ASgBFAEMAVABLAFIARQBMAAAAAABiACEAAQBJAG4AdABlAHIAbgBhAGwATgBhAG0AZQAAAFMAeQBzAHQAZQBtAC4AUgBlAGYAbABlAGMAdABpAG8AbgAuAFQAeQBwAGUARQB4AHQAZQBuAHMAaQBvAG4AcwAAAAAAggAvAAEATABlAGcAYQBsAEMAbwBwAHkAcgBpAGcAaAB0AAAAqQAgAE0AaQBjAHIAbwBzAG8AZgB0ACAAQwBvAHIAcABvAHIAYQB0AGkAbwBuAC4AIAAgAEEAbABsACAAcgBpAGcAaAB0AHMAIAByAGUAcwBlAHIAdgBlAGQALgAAAAAAagAhAAEATwByAGkAZwBpAG4AYQBsAEYAaQBsAGUAbgBhAG0AZQAAAFMAeQBzAHQAZQBtAC4AUgBlAGYAbABlAGMAdABpAG8AbgAuAFQAeQBwAGUARQB4AHQAZQBuAHMAaQBvAG4AcwAAAAAAVAAaAAEAUAByAG8AZAB1AGMAdABOAGEAbQBlAAAAAABNAGkAYwByAG8AcwBvAGYAdACuACAALgBOAEUAVAAgAEYAcgBhAG0AZQB3AG8AcgBrAAAAagAjAAEAUAByAG8AZAB1AGMAdABWAGUAcgBzAGkAbwBuAAAANAAuADYALgAyADMAMQAyADMALgAwADAAIABiAHUAaQBsAHQAIABiAHkAOgAgAFAAUgBPAEoARQBDAFQASwBSAEUATAAAAAAARAAAAAEAVgBhAHIARgBpAGwAZQBJAG4AZgBvAAAAAAAkAAQAAABUAHIAYQBuAHMAbABhAHQAaQBvAG4AAAAAAAkE5AQ=","PDBPresent","","v4.0.30319"
"System.Private.Uri, Version=4.0.0.0, Culture=neutral, PublicKeyToken=b03f5f7f11d50a3a","","1437623925","vAM0AAAAVgBTAF8AVgBFAFIAUwBJAE8ATgBfAEkATgBGAE8AAAAAAL0E7/4AAAEABgAEAAAAU1oGAAQAAABTWj8AAAAAAAAABAAAAAIAAAAAAAAAAAAAAAAAAAAaAwAAAQBTAHQAcgBpAG4AZwBGAGkAbABlAEkAbgBmAG8AAAD2AgAAAQAwADQAMAA5ADAANABFADQAAABMABYAAQBDAG8AbQBwAGEAbgB5AE4AYQBtAGUAAAAAAE0AaQBjAHIAbwBzAG8AZgB0ACAAQwBvAHIAcABvAHIAYQB0AGkAbwBuAAAATgATAAEARgBpAGwAZQBEAGUAcwBjAHIAaQBwAHQAaQBvAG4AAAAAAFMAeQBzAHQAZQBtAC4AUAByAGkAdgBhAHQAZQAuAFUAcgBpAAAAAABmACMAAQBGAGkAbABlAFYAZQByAHMAaQBvAG4AAAAAADQALgA2AC4AMgAzADEAMgAzAC4AMAAwACAAYgB1AGkAbAB0ACAAYgB5ADoAIABQAFIATwBKAEUAQwBUAEsAUgBFAEwAAAAAAEYAEwABAEkAbgB0AGUAcgBuAGEAbABOAGEAbQBlAAAAUwB5AHMAdABlAG0ALgBQAHIAaQB2AGEAdABlAC4AVQByAGkAAAAAAIIALwABAEwAZQBnAGEAbABDAG8AcAB5AHIAaQBnAGgAdAAAAKkAIABNAGkAYwByAG8AcwBvAGYAdAAgAEMAbwByAHAAbwByAGEAdABpAG8AbgAuACAAIABBAGwAbAAgAHIAaQBnAGgAdABzACAAcgBlAHMAZQByAHYAZQBkAC4AAAAAAE4AEwABAE8AcgBpAGcAaQBuAGEAbABGAGkAbABlAG4AYQBtAGUAAABTAHkAcwB0AGUAbQAuAFAAcgBpAHYAYQB0AGUALgBVAHIAaQAAAAAAVAAaAAEAUAByAG8AZAB1AGMAdABOAGEAbQBlAAAAAABNAGkAYwByAG8AcwBvAGYAdACuACAALgBOAEUAVAAgAEYAcgBhAG0AZQB3AG8AcgBrAAAAagAjAAEAUAByAG8AZAB1AGMAdABWAGUAcgBzAGkAbwBuAAAANAAuADYALgAyADMAMQAyADMALgAwADAAIABiAHUAaQBsAHQAIABiAHkAOgAgAFAAUgBPAEoARQBDAFQASwBSAEUATAAAAAAARAAAAAEAVgBhAHIARgBpAGwAZQBJAG4AZgBvAAAAAAAkAAQAAABUAHIAYQBuAHMAbABhAHQAaQBvAG4AAAAAAAkE5AQ=","PDBPresent","","v4.0.30319"
"System.Private.Interop, Version=4.0.0.0, Culture=neutral, PublicKeyToken=b03f5f7f11d50a3a","","1441067947","1AM0AAAAVgBTAF8AVgBFAFIAUwBJAE8ATgBfAEkATgBGAE8AAAAAAL0E7/4AAAEABgAEAAEAv1oGAAQAAQC/Wj8AAAAAAAAABAAAAAIAAAAAAAAAAAAAAAAAAAAyAwAAAQBTAHQAcgBpAG4AZwBGAGkAbABlAEkAbgBmAG8AAAAOAwAAAQAwADQAMAA5ADAANABFADQAAABMABYAAQBDAG8AbQBwAGEAbgB5AE4AYQBtAGUAAAAAAE0AaQBjAHIAbwBzAG8AZgB0ACAAQwBvAHIAcABvAHIAYQB0AGkAbwBuAAAAVgAXAAEARgBpAGwAZQBEAGUAcwBjAHIAaQBwAHQAaQBvAG4AAAAAAFMAeQBzAHQAZQBtAC4AUAByAGkAdgBhAHQAZQAuAEkAbgB0AGUAcgBvAHAAAAAAAGYAIwABAEYAaQBsAGUAVgBlAHIAcwBpAG8AbgAAAAAANAAuADYALgAyADMAMgAzADEALgAwADEAIABiAHUAaQBsAHQAIABiAHkAOgAgAFAAUgBPAEoARQBDAFQATgBSAEUATAAAAAAATgAXAAEASQBuAHQAZQByAG4AYQBsAE4AYQBtAGUAAABTAHkAcwB0AGUAbQAuAFAAcgBpAHYAYQB0AGUALgBJAG4AdABlAHIAbwBwAAAAAACCAC8AAQBMAGUAZwBhAGwAQwBvAHAAeQByAGkAZwBoAHQAAACpACAATQBpAGMAcgBvAHMAbwBmAHQAIABDAG8AcgBwAG8AcgBhAHQAaQBvAG4ALgAgACAAQQBsAGwAIAByAGkAZwBoAHQAcwAgAHIAZQBzAGUAcgB2AGUAZAAuAAAAAABWABcAAQBPAHIAaQBnAGkAbgBhAGwARgBpAGwAZQBuAGEAbQBlAAAAUwB5AHMAdABlAG0ALgBQAHIAaQB2AGEAdABlAC4ASQBuAHQAZQByAG8AcAAAAAAAVAAaAAEAUAByAG8AZAB1AGMAdABOAGEAbQBlAAAAAABNAGkAYwByAG8AcwBvAGYAdACuACAALgBOAEUAVAAgAEYAcgBhAG0AZQB3AG8AcgBrAAAAagAjAAEAUAByAG8AZAB1AGMAdABWAGUAcgBzAGkAbwBuAAAANAAuADYALgAyADMAMgAzADEALgAwADEAIABiAHUAaQBsAHQAIABiAHkAOgAgAFAAUgBPAEoARQBDAFQATgBSAEUATAAAAAAARAAAAAEAVgBhAHIARgBpAGwAZQBJAG4AZgBvAAAAAAAkAAQAAABUAHIAYQBuAHMAbABhAHQAaQBvAG4AAAAAAAkE5AQ=","PDBPresent","","v4.0.30319"
"System.Reflection.Primitives, Version=4.0.0.0, Culture=neutral, PublicKeyToken=b03f5f7f11d50a3a","","1437623954","+AM0AAAAVgBTAF8AVgBFAFIAUwBJAE8ATgBfAEkATgBGAE8AAAAAAL0E7/4AAAEABgAEAAAAU1oGAAQAAABTWj8AAAAAAAAABAAAAAIAAAAAAAAAAAAAAAAAAABWAwAAAQBTAHQAcgBpAG4AZwBGAGkAbABlAEkAbgBmAG8AAAAyAwAAAQAwADQAMAA5ADAANABFADQAAABMABYAAQBDAG8AbQBwAGEAbgB5AE4AYQBtAGUAAAAAAE0AaQBjAHIAbwBzAG8AZgB0ACAAQwBvAHIAcABvAHIAYQB0AGkAbwBuAAAAYgAdAAEARgBpAGwAZQBEAGUAcwBjAHIAaQBwAHQAaQBvAG4AAAAAAFMAeQBzAHQAZQBtAC4AUgBlAGYAbABlAGMAdABpAG8AbgAuAFAAcgBpAG0AaQB0AGkAdgBlAHMAAAAAAGYAIwABAEYAaQBsAGUAVgBlAHIAcwBpAG8AbgAAAAAANAAuADYALgAyADMAMQAyADMALgAwADAAIABiAHUAaQBsAHQAIABiAHkAOgAgAFAAUgBPAEoARQBDAFQASwBSAEUATAAAAAAAWgAdAAEASQBuAHQAZQByAG4AYQBsAE4AYQBtAGUAAABTAHkAcwB0AGUAbQAuAFIAZQBmAGwAZQBjAHQAaQBvAG4ALgBQAHIAaQBtAGkAdABpAHYAZQBzAAAAAACCAC8AAQBMAGUAZwBhAGwAQwBvAHAAeQByAGkAZwBoAHQAAACpACAATQBpAGMAcgBvAHMAbwBmAHQAIABDAG8AcgBwAG8AcgBhAHQAaQBvAG4ALgAgACAAQQBsAGwAIAByAGkAZwBoAHQAcwAgAHIAZQBzAGUAcgB2AGUAZAAuAAAAAABiAB0AAQBPAHIAaQBnAGkAbgBhAGwARgBpAGwAZQBuAGEAbQBlAAAAUwB5AHMAdABlAG0ALgBSAGUAZgBsAGUAYwB0AGkAbwBuAC4AUAByAGkAbQBpAHQAaQB2AGUAcwAAAAAAVAAaAAEAUAByAG8AZAB1AGMAdABOAGEAbQBlAAAAAABNAGkAYwByAG8AcwBvAGYAdACuACAALgBOAEUAVAAgAEYAcgBhAG0AZQB3AG8AcgBrAAAAagAjAAEAUAByAG8AZAB1AGMAdABWAGUAcgBzAGkAbwBuAAAANAAuADYALgAyADMAMQAyADMALgAwADAAIABiAHUAaQBsAHQAIABiAHkAOgAgAFAAUgBPAEoARQBDAFQASwBSAEUATAAAAAAARAAAAAEAVgBhAHIARgBpAGwAZQBJAG4AZgBvAAAAAAAkAAQAAABUAHIAYQBuAHMAbABhAHQAaQBvAG4AAAAAAAkE5AQ=","PDBPresent","","v4.0.30319"
"System.Private.TypeLoader, Version=4.0.0.0, Culture=neutral, PublicKeyToken=b03f5f7f11d50a3a","","1441067967","4AM0AAAAVgBTAF8AVgBFAFIAUwBJAE8ATgBfAEkATgBGAE8AAAAAAL0E7/4AAAEABgAEAAEAv1oGAAQAAQC/Wj8AAAAAAAAABAAAAAIAAAAAAAAAAAAAAAAAAAA+AwAAAQBTAHQAcgBpAG4AZwBGAGkAbABlAEkAbgBmAG8AAAAaAwAAAQAwADQAMAA5ADAANABFADQAAABMABYAAQBDAG8AbQBwAGEAbgB5AE4AYQBtAGUAAAAAAE0AaQBjAHIAbwBzAG8AZgB0ACAAQwBvAHIAcABvAHIAYQB0AGkAbwBuAAAAXAAaAAEARgBpAGwAZQBEAGUAcwBjAHIAaQBwAHQAaQBvAG4AAAAAAFMAeQBzAHQAZQBtAC4AUAByAGkAdgBhAHQAZQAuAFQAeQBwAGUATABvAGEAZABlAHIAAABmACMAAQBGAGkAbABlAFYAZQByAHMAaQBvAG4AAAAAADQALgA2AC4AMgAzADIAMwAxAC4AMAAxACAAYgB1AGkAbAB0ACAAYgB5ADoAIABQAFIATwBKAEUAQwBUAE4AUgBFAEwAAAAAAFQAGgABAEkAbgB0AGUAcgBuAGEAbABOAGEAbQBlAAAAUwB5AHMAdABlAG0ALgBQAHIAaQB2AGEAdABlAC4AVAB5AHAAZQBMAG8AYQBkAGUAcgAAAIIALwABAEwAZQBnAGEAbABDAG8AcAB5AHIAaQBnAGgAdAAAAKkAIABNAGkAYwByAG8AcwBvAGYAdAAgAEMAbwByAHAAbwByAGEAdABpAG8AbgAuACAAIABBAGwAbAAgAHIAaQBnAGgAdABzACAAcgBlAHMAZQByAHYAZQBkAC4AAAAAAFwAGgABAE8AcgBpAGcAaQBuAGEAbABGAGkAbABlAG4AYQBtAGUAAABTAHkAcwB0AGUAbQAuAFAAcgBpAHYAYQB0AGUALgBUAHkAcABlAEwAbwBhAGQAZQByAAAAVAAaAAEAUAByAG8AZAB1AGMAdABOAGEAbQBlAAAAAABNAGkAYwByAG8AcwBvAGYAdACuACAALgBOAEUAVAAgAEYAcgBhAG0AZQB3AG8AcgBrAAAAagAjAAEAUAByAG8AZAB1AGMAdABWAGUAcgBzAGkAbwBuAAAANAAuADYALgAyADMAMgAzADEALgAwADEAIABiAHUAaQBsAHQAIABiAHkAOgAgAFAAUgBPAEoARQBDAFQATgBSAEUATAAAAAAARAAAAAEAVgBhAHIARgBpAGwAZQBJAG4AZgBvAAAAAAAkAAQAAABUAHIAYQBuAHMAbABhAHQAaQBvAG4AAAAAAAkE5AQ=","PDBPresent","","v4.0.30319"
"System.Resources.ResourceManager, Version=4.0.0.0, Culture=neutral, PublicKeyToken=b03f5f7f11d50a3a","","1437623957","EAQ0AAAAVgBTAF8AVgBFAFIAUwBJAE8ATgBfAEkATgBGAE8AAAAAAL0E7/4AAAEABgAEAAAAU1oGAAQAAABTWj8AAAAAAAAABAAAAAIAAAAAAAAAAAAAAAAAAABuAwAAAQBTAHQAcgBpAG4AZwBGAGkAbABlAEkAbgBmAG8AAABKAwAAAQAwADQAMAA5ADAANABFADQAAABMABYAAQBDAG8AbQBwAGEAbgB5AE4AYQBtAGUAAAAAAE0AaQBjAHIAbwBzAG8AZgB0ACAAQwBvAHIAcABvAHIAYQB0AGkAbwBuAAAAagAhAAEARgBpAGwAZQBEAGUAcwBjAHIAaQBwAHQAaQBvAG4AAAAAAFMAeQBzAHQAZQBtAC4AUgBlAHMAbwB1AHIAYwBlAHMALgBSAGUAcwBvAHUAcgBjAGUATQBhAG4AYQBnAGUAcgAAAAAAZgAjAAEARgBpAGwAZQBWAGUAcgBzAGkAbwBuAAAAAAA0AC4ANgAuADIAMwAxADIAMwAuADAAMAAgAGIAdQBpAGwAdAAgAGIAeQA6ACAAUABSAE8ASgBFAEMAVABLAFIARQBMAAAAAABiACEAAQBJAG4AdABlAHIAbgBhAGwATgBhAG0AZQAAAFMAeQBzAHQAZQBtAC4AUgBlAHMAbwB1AHIAYwBlAHMALgBSAGUAcwBvAHUAcgBjAGUATQBhAG4AYQBnAGUAcgAAAAAAggAvAAEATABlAGcAYQBsAEMAbwBwAHkAcgBpAGcAaAB0AAAAqQAgAE0AaQBjAHIAbwBzAG8AZgB0ACAAQwBvAHIAcABvAHIAYQB0AGkAbwBuAC4AIAAgAEEAbABsACAAcgBpAGcAaAB0AHMAIAByAGUAcwBlAHIAdgBlAGQALgAAAAAAagAhAAEATwByAGkAZwBpAG4AYQBsAEYAaQBsAGUAbgBhAG0AZQAAAFMAeQBzAHQAZQBtAC4AUgBlAHMAbwB1AHIAYwBlAHMALgBSAGUAcwBvAHUAcgBjAGUATQBhAG4AYQBnAGUAcgAAAAAAVAAaAAEAUAByAG8AZAB1AGMAdABOAGEAbQBlAAAAAABNAGkAYwByAG8AcwBvAGYAdACuACAALgBOAEUAVAAgAEYAcgBhAG0AZQB3AG8AcgBrAAAAagAjAAEAUAByAG8AZAB1AGMAdABWAGUAcgBzAGkAbwBuAAAANAAuADYALgAyADMAMQAyADMALgAwADAAIABiAHUAaQBsAHQAIABiAHkAOgAgAFAAUgBPAEoARQBDAFQASwBSAEUATAAAAAAARAAAAAEAVgBhAHIARgBpAGwAZQBJAG4AZgBvAAAAAAAkAAQAAABUAHIAYQBuAHMAbABhAHQAaQBvAG4AAAAAAAkE5AQ=","PDBPresent","","v4.0.30319"
"System.Diagnostics.Tracing, Version=4.0.20.0, Culture=neutral, PublicKeyToken=b03f5f7f11d50a3a","","1437623901","7AM0AAAAVgBTAF8AVgBFAFIAUwBJAE8ATgBfAEkATgBGAE8AAAAAAL0E7/4AAAEABgAEAAAAU1oGAAQAAABTWj8AAAAAAAAABAAAAAIAAAAAAAAAAAAAAAAAAABKAwAAAQBTAHQAcgBpAG4AZwBGAGkAbABlAEkAbgBmAG8AAAAmAwAAAQAwADQAMAA5ADAANABFADQAAABMABYAAQBDAG8AbQBwAGEAbgB5AE4AYQBtAGUAAAAAAE0AaQBjAHIAbwBzAG8AZgB0ACAAQwBvAHIAcABvAHIAYQB0AGkAbwBuAAAAXgAbAAEARgBpAGwAZQBEAGUAcwBjAHIAaQBwAHQAaQBvAG4AAAAAAFMAeQBzAHQAZQBtAC4ARABpAGEAZwBuAG8AcwB0AGkAYwBzAC4AVAByAGEAYwBpAG4AZwAAAAAAZgAjAAEARgBpAGwAZQBWAGUAcgBzAGkAbwBuAAAAAAA0AC4ANgAuADIAMwAxADIAMwAuADAAMAAgAGIAdQBpAGwAdAAgAGIAeQA6ACAAUABSAE8ASgBFAEMAVABLAFIARQBMAAAAAABWABsAAQBJAG4AdABlAHIAbgBhAGwATgBhAG0AZQAAAFMAeQBzAHQAZQBtAC4ARABpAGEAZwBuAG8AcwB0AGkAYwBzAC4AVAByAGEAYwBpAG4AZwAAAAAAggAvAAEATABlAGcAYQBsAEMAbwBwAHkAcgBpAGcAaAB0AAAAqQAgAE0AaQBjAHIAbwBzAG8AZgB0ACAAQwBvAHIAcABvAHIAYQB0AGkAbwBuAC4AIAAgAEEAbABsACAAcgBpAGcAaAB0AHMAIAByAGUAcwBlAHIAdgBlAGQALgAAAAAAXgAbAAEATwByAGkAZwBpAG4AYQBsAEYAaQBsAGUAbgBhAG0AZQAAAFMAeQBzAHQAZQBtAC4ARABpAGEAZwBuAG8AcwB0AGkAYwBzAC4AVAByAGEAYwBpAG4AZwAAAAAAVAAaAAEAUAByAG8AZAB1AGMAdABOAGEAbQBlAAAAAABNAGkAYwByAG8AcwBvAGYAdACuACAALgBOAEUAVAAgAEYAcgBhAG0AZQB3AG8AcgBrAAAAagAjAAEAUAByAG8AZAB1AGMAdABWAGUAcgBzAGkAbwBuAAAANAAuADYALgAyADMAMQAyADMALgAwADAAIABiAHUAaQBsAHQAIABiAHkAOgAgAFAAUgBPAEoARQBDAFQASwBSAEUATAAAAAAARAAAAAEAVgBhAHIARgBpAGwAZQBJAG4AZgBvAAAAAAAkAAQAAABUAHIAYQBuAHMAbABhAHQAaQBvAG4AAAAAAAkE5AQ=","PDBPresent","","v4.0.30319"
"System.Runtime.WindowsRuntime, Version=4.0.10.0, Culture=neutral, PublicKeyToken=b77a5c561934e089","","1437623962","+AM0AAAAVgBTAF8AVgBFAFIAUwBJAE8ATgBfAEkATgBGAE8AAAAAAL0E7/4AAAEABgAEAAAAU1oGAAQAAABTWj8AAAAAAAAABAAAAAIAAAAAAAAAAAAAAAAAAABWAwAAAQBTAHQAcgBpAG4AZwBGAGkAbABlAEkAbgBmAG8AAAAyAwAAAQAwADQAMAA5ADAANABFADQAAABMABYAAQBDAG8AbQBwAGEAbgB5AE4AYQBtAGUAAAAAAE0AaQBjAHIAbwBzAG8AZgB0ACAAQwBvAHIAcABvAHIAYQB0AGkAbwBuAAAAZAAeAAEARgBpAGwAZQBEAGUAcwBjAHIAaQBwAHQAaQBvAG4AAAAAAFMAeQBzAHQAZQBtAC4AUgB1AG4AdABpAG0AZQAuAFcAaQBuAGQAbwB3AHMAUgB1AG4AdABpAG0AZQAAAGYAIwABAEYAaQBsAGUAVgBlAHIAcwBpAG8AbgAAAAAANAAuADYALgAyADMAMQAyADMALgAwADAAIABiAHUAaQBsAHQAIABiAHkAOgAgAFAAUgBPAEoARQBDAFQASwBSAEUATAAAAAAAXAAeAAEASQBuAHQAZQByAG4AYQBsAE4AYQBtAGUAAABTAHkAcwB0AGUAbQAuAFIAdQBuAHQAaQBtAGUALgBXAGkAbgBkAG8AdwBzAFIAdQBuAHQAaQBtAGUAAACCAC8AAQBMAGUAZwBhAGwAQwBvAHAAeQByAGkAZwBoAHQAAACpACAATQBpAGMAcgBvAHMAbwBmAHQAIABDAG8AcgBwAG8AcgBhAHQAaQBvAG4ALgAgACAAQQBsAGwAIAByAGkAZwBoAHQAcwAgAHIAZQBzAGUAcgB2AGUAZAAuAAAAAABkAB4AAQBPAHIAaQBnAGkAbgBhAGwARgBpAGwAZQBuAGEAbQBlAAAAUwB5AHMAdABlAG0ALgBSAHUAbgB0AGkAbQBlAC4AVwBpAG4AZABvAHcAcwBSAHUAbgB0AGkAbQBlAAAAVAAaAAEAUAByAG8AZAB1AGMAdABOAGEAbQBlAAAAAABNAGkAYwByAG8AcwBvAGYAdACuACAALgBOAEUAVAAgAEYAcgBhAG0AZQB3AG8AcgBrAAAAagAjAAEAUAByAG8AZAB1AGMAdABWAGUAcgBzAGkAbwBuAAAANAAuADYALgAyADMAMQAyADMALgAwADAAIABiAHUAaQBsAHQAIABiAHkAOgAgAFAAUgBPAEoARQBDAFQASwBSAEUATAAAAAAARAAAAAEAVgBhAHIARgBpAGwAZQBJAG4AZgBvAAAAAAAkAAQAAABUAHIAYQBuAHMAbABhAHQAaQBvAG4AAAAAAAkE5AQ=","PDBPresent","","v4.0.30319"
"System.Text.RegularExpressions, Version=4.0.10.0, Culture=neutral, PublicKeyToken=b03f5f7f11d50a3a","","1437623981","fgQ0AAAAVgBTAF8AVgBFAFIAUwBJAE8ATgBfAEkATgBGAE8AAAAAAL0E7/4AAAEABgAEAAAAU1oAAAAAAAAAAD8AAAAAAAAABAAAAAIAAAAAAAAAAAAAAAAAAABEAAAAAQBWAGEAcgBGAGkAbABlAEkAbgBmAG8AAAAAACQABAAAAFQAcgBhAG4AcwBsAGEAdABpAG8AbgAAAAAAAACwBN4DAAABAFMAdAByAGkAbgBnAEYAaQBsAGUASQBuAGYAbwAAALoDAAABADAAMAAwADAAMAA0AGIAMAAAAFYAHwABAEMAbwBtAG0AZQBuAHQAcwAAAFMAeQBzAHQAZQBtAC4AVABlAHgAdAAuAFIAZQBnAHUAbABhAHIARQB4AHAAcgBlAHMAcwBpAG8AbgBzAAAAAABMABYAAQBDAG8AbQBwAGEAbgB5AE4AYQBtAGUAAAAAAE0AaQBjAHIAbwBzAG8AZgB0ACAAQwBvAHIAcABvAHIAYQB0AGkAbwBuAAAAZgAfAAEARgBpAGwAZQBEAGUAcwBjAHIAaQBwAHQAaQBvAG4AAAAAAFMAeQBzAHQAZQBtAC4AVABlAHgAdAAuAFIAZQBnAHUAbABhAHIARQB4AHAAcgBlAHMAcwBpAG8AbgBzAAAAAAA6AA0AAQBGAGkAbABlAFYAZQByAHMAaQBvAG4AAAAAADQALgA2AC4AMgAzADEAMgAzAC4AMAAwAAAAAABmACMAAQBJAG4AdABlAHIAbgBhAGwATgBhAG0AZQAAAFMAeQBzAHQAZQBtAC4AVABlAHgAdAAuAFIAZQBnAHUAbABhAHIARQB4AHAAcgBlAHMAcwBpAG8AbgBzAC4AZABsAGwAAAAAAIIALwABAEwAZQBnAGEAbABDAG8AcAB5AHIAaQBnAGgAdAAAAKkAIABNAGkAYwByAG8AcwBvAGYAdAAgAEMAbwByAHAAbwByAGEAdABpAG8AbgAuACAAIABBAGwAbAAgAHIAaQBnAGgAdABzACAAcgBlAHMAZQByAHYAZQBkAC4AAAAAAG4AIwABAE8AcgBpAGcAaQBuAGEAbABGAGkAbABlAG4AYQBtAGUAAABTAHkAcwB0AGUAbQAuAFQAZQB4AHQALgBSAGUAZwB1AGwAYQByAEUAeABwAHIAZQBzAHMAaQBvAG4AcwAuAGQAbABsAAAAAABUABoAAQBQAHIAbwBkAHUAYwB0AE4AYQBtAGUAAAAAAE0AaQBjAHIAbwBzAG8AZgB0AK4AIAAuAE4ARQBUACAARgByAGEAbQBlAHcAbwByAGsAAABwACYAAQBQAHIAbwBkAHUAYwB0AFYAZQByAHMAaQBvAG4AAAA0AC4ANgAuADIAMwAxADIAMwAuADAAMAAgAGIAdQBpAGwAdAAgAGIAeQA6ACAARABEAEIATABEADYANQA3AEMALQBkAGwAYQBiAAAAOgAJAAEAQQBzAHMAZQBtAGIAbAB5ACAAVgBlAHIAcwBpAG8AbgAAADQALgAwAC4AMQAwAC4AMAAAAA==","PDBPresent","","v4.0.30319"
"System.Dynamic.Runtime, Version=4.0.10.0, Culture=neutral, PublicKeyToken=b03f5f7f11d50a3a","","1437623902","1AM0AAAAVgBTAF8AVgBFAFIAUwBJAE8ATgBfAEkATgBGAE8AAAAAAL0E7/4AAAEABgAEAAAAU1oGAAQAAABTWj8AAAAAAAAABAAAAAIAAAAAAAAAAAAAAAAAAAAyAwAAAQBTAHQAcgBpAG4AZwBGAGkAbABlAEkAbgBmAG8AAAAOAwAAAQAwADQAMAA5ADAANABFADQAAABMABYAAQBDAG8AbQBwAGEAbgB5AE4AYQBtAGUAAAAAAE0AaQBjAHIAbwBzAG8AZgB0ACAAQwBvAHIAcABvAHIAYQB0AGkAbwBuAAAAVgAXAAEARgBpAGwAZQBEAGUAcwBjAHIAaQBwAHQAaQBvAG4AAAAAAFMAeQBzAHQAZQBtAC4ARAB5AG4AYQBtAGkAYwAuAFIAdQBuAHQAaQBtAGUAAAAAAGYAIwABAEYAaQBsAGUAVgBlAHIAcwBpAG8AbgAAAAAANAAuADYALgAyADMAMQAyADMALgAwADAAIABiAHUAaQBsAHQAIABiAHkAOgAgAFAAUgBPAEoARQBDAFQASwBSAEUATAAAAAAATgAXAAEASQBuAHQAZQByAG4AYQBsAE4AYQBtAGUAAABTAHkAcwB0AGUAbQAuAEQAeQBuAGEAbQBpAGMALgBSAHUAbgB0AGkAbQBlAAAAAACCAC8AAQBMAGUAZwBhAGwAQwBvAHAAeQByAGkAZwBoAHQAAACpACAATQBpAGMAcgBvAHMAbwBmAHQAIABDAG8AcgBwAG8AcgBhAHQAaQBvAG4ALgAgACAAQQBsAGwAIAByAGkAZwBoAHQAcwAgAHIAZQBzAGUAcgB2AGUAZAAuAAAAAABWABcAAQBPAHIAaQBnAGkAbgBhAGwARgBpAGwAZQBuAGEAbQBlAAAAUwB5AHMAdABlAG0ALgBEAHkAbgBhAG0AaQBjAC4AUgB1AG4AdABpAG0AZQAAAAAAVAAaAAEAUAByAG8AZAB1AGMAdABOAGEAbQBlAAAAAABNAGkAYwByAG8AcwBvAGYAdACuACAALgBOAEUAVAAgAEYAcgBhAG0AZQB3AG8AcgBrAAAAagAjAAEAUAByAG8AZAB1AGMAdABWAGUAcgBzAGkAbwBuAAAANAAuADYALgAyADMAMQAyADMALgAwADAAIABiAHUAaQBsAHQAIABiAHkAOgAgAFAAUgBPAEoARQBDAFQASwBSAEUATAAAAAAARAAAAAEAVgBhAHIARgBpAGwAZQBJAG4AZgBvAAAAAAAkAAQAAABUAHIAYQBuAHMAbABhAHQAaQBvAG4AAAAAAAkE5AQ=","PDBPresent","","v4.0.30319"
"System.Runtime.WindowsRuntime.UI.Xaml, Version=4.0.0.0, Culture=neutral, PublicKeyToken=b77a5c561934e089","","1437623960","KAQ0AAAAVgBTAF8AVgBFAFIAUwBJAE8ATgBfAEkATgBGAE8AAAAAAL0E7/4AAAEABgAEAAAAU1oGAAQAAABTWj8AAAAAAAAABAAAAAIAAAAAAAAAAAAAAAAAAACGAwAAAQBTAHQAcgBpAG4AZwBGAGkAbABlAEkAbgBmAG8AAABiAwAAAQAwADQAMAA5ADAANABFADQAAABMABYAAQBDAG8AbQBwAGEAbgB5AE4AYQBtAGUAAAAAAE0AaQBjAHIAbwBzAG8AZgB0ACAAQwBvAHIAcABvAHIAYQB0AGkAbwBuAAAAdAAmAAEARgBpAGwAZQBEAGUAcwBjAHIAaQBwAHQAaQBvAG4AAAAAAFMAeQBzAHQAZQBtAC4AUgB1AG4AdABpAG0AZQAuAFcAaQBuAGQAbwB3AHMAUgB1AG4AdABpAG0AZQAuAFUASQAuAFgAYQBtAGwAAABmACMAAQBGAGkAbABlAFYAZQByAHMAaQBvAG4AAAAAADQALgA2AC4AMgAzADEAMgAzAC4AMAAwACAAYgB1AGkAbAB0ACAAYgB5ADoAIABQAFIATwBKAEUAQwBUAEsAUgBFAEwAAAAAAGwAJgABAEkAbgB0AGUAcgBuAGEAbABOAGEAbQBlAAAAUwB5AHMAdABlAG0ALgBSAHUAbgB0AGkAbQBlAC4AVwBpAG4AZABvAHcAcwBSAHUAbgB0AGkAbQBlAC4AVQBJAC4AWABhAG0AbAAAAIIALwABAEwAZQBnAGEAbABDAG8AcAB5AHIAaQBnAGgAdAAAAKkAIABNAGkAYwByAG8AcwBvAGYAdAAgAEMAbwByAHAAbwByAGEAdABpAG8AbgAuACAAIABBAGwAbAAgAHIAaQBnAGgAdABzACAAcgBlAHMAZQByAHYAZQBkAC4AAAAAAHQAJgABAE8AcgBpAGcAaQBuAGEAbABGAGkAbABlAG4AYQBtAGUAAABTAHkAcwB0AGUAbQAuAFIAdQBuAHQAaQBtAGUALgBXAGkAbgBkAG8AdwBzAFIAdQBuAHQAaQBtAGUALgBVAEkALgBYAGEAbQBsAAAAVAAaAAEAUAByAG8AZAB1AGMAdABOAGEAbQBlAAAAAABNAGkAYwByAG8AcwBvAGYAdACuACAALgBOAEUAVAAgAEYAcgBhAG0AZQB3AG8AcgBrAAAAagAjAAEAUAByAG8AZAB1AGMAdABWAGUAcgBzAGkAbwBuAAAANAAuADYALgAyADMAMQAyADMALgAwADAAIABiAHUAaQBsAHQAIABiAHkAOgAgAFAAUgBPAEoARQBDAFQASwBSAEUATAAAAAAARAAAAAEAVgBhAHIARgBpAGwAZQBJAG4AZgBvAAAAAAAkAAQAAABUAHIAYQBuAHMAbABhAHQAaQBvAG4AAAAAAAkE5AQ=","PDBPresent","","v4.0.30319"
"System.Private.SharedLibrary.Interop.Generated, Version=0.0.0.0, Culture=neutral, PublicKeyToken=null","","1441070941","5AI0AAAAVgBTAF8AVgBFAFIAUwBJAE8ATgBfAEkATgBGAE8AAAAAAL0E7/4AAAEAAAAAAAAAAAAAAAAAAAAAAD8AAAAAAAAABAAAAAIAAAAAAAAAAAAAAAAAAABEAAAAAQBWAGEAcgBGAGkAbABlAEkAbgBmAG8AAAAAACQABAAAAFQAcgBhAG4AcwBsAGEAdABpAG8AbgAAAAAAAACwBEQCAAABAFMAdAByAGkAbgBnAEYAaQBsAGUASQBuAGYAbwAAACACAAABADAAMAAwADAAMAA0AGIAMAAAACwAAgABAEYAaQBsAGUARABlAHMAYwByAGkAcAB0AGkAbwBuAAAAAAAgAAAAMAAIAAEARgBpAGwAZQBWAGUAcgBzAGkAbwBuAAAAAAAwAC4AMAAuADAALgAwAAAAiAAzAAEASQBuAHQAZQByAG4AYQBsAE4AYQBtAGUAAABTAHkAcwB0AGUAbQAuAFAAcgBpAHYAYQB0AGUALgBTAGgAYQByAGUAZABMAGkAYgByAGEAcgB5AC4ASQBuAHQAZQByAG8AcAAuAEcAZQBuAGUAcgBhAHQAZQBkAC4AZABsAGwAAAAAACgAAgABAEwAZQBnAGEAbABDAG8AcAB5AHIAaQBnAGgAdAAAACAAAACQADMAAQBPAHIAaQBnAGkAbgBhAGwARgBpAGwAZQBuAGEAbQBlAAAAUwB5AHMAdABlAG0ALgBQAHIAaQB2AGEAdABlAC4AUwBoAGEAcgBlAGQATABpAGIAcgBhAHIAeQAuAEkAbgB0AGUAcgBvAHAALgBHAGUAbgBlAHIAYQB0AGUAZAAuAGQAbABsAAAAAAA0AAgAAQBQAHIAbwBkAHUAYwB0AFYAZQByAHMAaQBvAG4AAAAwAC4AMAAuADAALgAwAAAAOAAIAAEAQQBzAHMAZQBtAGIAbAB5ACAAVgBlAHIAcwBpAG8AbgAAADAALgAwAC4AMAAuADAAAAA=","PDBPresent","","v4.0.30319"
"CustomCortanaCommands, Version=1.0.0.0, Culture=neutral, PublicKeyToken=null","","1456985043","fAM0AAAAVgBTAF8AVgBFAFIAUwBJAE8ATgBfAEkATgBGAE8AAAAAAL0E7/4AAAEAAAABAAAAAAAAAAEAAAAAAD8AAAAAAAAABAAAAAEAAAAAAAAAAAAAAAAAAABEAAAAAQBWAGEAcgBGAGkAbABlAEkAbgBmAG8AAAAAACQABAAAAFQAcgBhAG4AcwBsAGEAdABpAG8AbgAAAAAAAACwBNwCAAABAFMAdAByAGkAbgBnAEYAaQBsAGUASQBuAGYAbwAAALgCAAABADAAMAAwADAAMAA0AGIAMAAAABoAAQABAEMAbwBtAG0AZQBuAHQAcwAAAAAAAAAiAAEAAQBDAG8AbQBwAGEAbgB5AE4AYQBtAGUAAAAAAAAAAABUABYAAQBGAGkAbABlAEQAZQBzAGMAcgBpAHAAdABpAG8AbgAAAAAAQwB1AHMAdABvAG0AQwBvAHIAdABhAG4AYQBDAG8AbQBtAGEAbgBkAHMAAAAwAAgAAQBGAGkAbABlAFYAZQByAHMAaQBvAG4AAAAAADEALgAwAC4AMAAuADAAAABUABoAAQBJAG4AdABlAHIAbgBhAGwATgBhAG0AZQAAAEMAdQBzAHQAbwBtAEMAbwByAHQAYQBuAGEAQwBvAG0AbQBhAG4AZABzAC4AZQB4AGUAAABIABIAAQBMAGUAZwBhAGwAQwBvAHAAeQByAGkAZwBoAHQAAABDAG8AcAB5AHIAaQBnAGgAdAAgAKkAIAAgADIAMAAxADUAAAAqAAEAAQBMAGUAZwBhAGwAVAByAGEAZABlAG0AYQByAGsAcwAAAAAAAAAAAFwAGgABAE8AcgBpAGcAaQBuAGEAbABGAGkAbABlAG4AYQBtAGUAAABDAHUAcwB0AG8AbQBDAG8AcgB0AGEAbgBhAEMAbwBtAG0AYQBuAGQAcwAuAGUAeABlAAAATAAWAAEAUAByAG8AZAB1AGMAdABOAGEAbQBlAAAAAABDAHUAcwB0AG8AbQBDAG8AcgB0AGEAbgBhAEMAbwBtAG0AYQBuAGQAcwAAADQACAABAFAAcgBvAGQAdQBjAHQAVgBlAHIAcwBpAG8AbgAAADEALgAwAC4AMAAuADAAAAA4AAgAAQBBAHMAcwBlAG0AYgBsAHkAIABWAGUAcgBzAGkAbwBuAAAAMQAuADAALgAwAC4AMAAAAA==","PDBPresent","","v4.0.30319"
"System.Data.Common, Version=4.0.0.0, Culture=neutral, PublicKeyToken=b03f5f7f11d50a3a","","1437623895","vAM0AAAAVgBTAF8AVgBFAFIAUwBJAE8ATgBfAEkATgBGAE8AAAAAAL0E7/4AAAEABgAEAAAAU1oGAAQAAABTWj8AAAAAAAAABAAAAAIAAAAAAAAAAAAAAAAAAAAaAwAAAQBTAHQAcgBpAG4AZwBGAGkAbABlAEkAbgBmAG8AAAD2AgAAAQAwADQAMAA5ADAANABFADQAAABMABYAAQBDAG8AbQBwAGEAbgB5AE4AYQBtAGUAAAAAAE0AaQBjAHIAbwBzAG8AZgB0ACAAQwBvAHIAcABvAHIAYQB0AGkAbwBuAAAATgATAAEARgBpAGwAZQBEAGUAcwBjAHIAaQBwAHQAaQBvAG4AAAAAAFMAeQBzAHQAZQBtAC4ARABhAHQAYQAuAEMAbwBtAG0AbwBuAAAAAABmACMAAQBGAGkAbABlAFYAZQByAHMAaQBvAG4AAAAAADQALgA2AC4AMgAzADEAMgAzAC4AMAAwACAAYgB1AGkAbAB0ACAAYgB5ADoAIABQAFIATwBKAEUAQwBUAEsAUgBFAEwAAAAAAEYAEwABAEkAbgB0AGUAcgBuAGEAbABOAGEAbQBlAAAAUwB5AHMAdABlAG0ALgBEAGEAdABhAC4AQwBvAG0AbQBvAG4AAAAAAIIALwABAEwAZQBnAGEAbABDAG8AcAB5AHIAaQBnAGgAdAAAAKkAIABNAGkAYwByAG8AcwBvAGYAdAAgAEMAbwByAHAAbwByAGEAdABpAG8AbgAuACAAIABBAGwAbAAgAHIAaQBnAGgAdABzACAAcgBlAHMAZQByAHYAZQBkAC4AAAAAAE4AEwABAE8AcgBpAGcAaQBuAGEAbABGAGkAbABlAG4AYQBtAGUAAABTAHkAcwB0AGUAbQAuAEQAYQB0AGEALgBDAG8AbQBtAG8AbgAAAAAAVAAaAAEAUAByAG8AZAB1AGMAdABOAGEAbQBlAAAAAABNAGkAYwByAG8AcwBvAGYAdACuACAALgBOAEUAVAAgAEYAcgBhAG0AZQB3AG8AcgBrAAAAagAjAAEAUAByAG8AZAB1AGMAdABWAGUAcgBzAGkAbwBuAAAANAAuADYALgAyADMAMQAyADMALgAwADAAIABiAHUAaQBsAHQAIABiAHkAOgAgAFAAUgBPAEoARQBDAFQASwBSAEUATAAAAAAARAAAAAEAVgBhAHIARgBpAGwAZQBJAG4AZgBvAAAAAAAkAAQAAABUAHIAYQBuAHMAbABhAHQAaQBvAG4AAAAAAAkE5AQ=","PDBNotPresent","","v4.0.30319"
"System.Threading.Tasks, Version=4.0.10.0, Culture=neutral, PublicKeyToken=b03f5f7f11d50a3a","","1437623987","1AM0AAAAVgBTAF8AVgBFAFIAUwBJAE8ATgBfAEkATgBGAE8AAAAAAL0E7/4AAAEABgAEAAAAU1oGAAQAAABTWj8AAAAAAAAABAAAAAIAAAAAAAAAAAAAAAAAAAAyAwAAAQBTAHQAcgBpAG4AZwBGAGkAbABlAEkAbgBmAG8AAAAOAwAAAQAwADQAMAA5ADAANABFADQAAABMABYAAQBDAG8AbQBwAGEAbgB5AE4AYQBtAGUAAAAAAE0AaQBjAHIAbwBzAG8AZgB0ACAAQwBvAHIAcABvAHIAYQB0AGkAbwBuAAAAVgAXAAEARgBpAGwAZQBEAGUAcwBjAHIAaQBwAHQAaQBvAG4AAAAAAFMAeQBzAHQAZQBtAC4AVABoAHIAZQBhAGQAaQBuAGcALgBUAGEAcwBrAHMAAAAAAGYAIwABAEYAaQBsAGUAVgBlAHIAcwBpAG8AbgAAAAAANAAuADYALgAyADMAMQAyADMALgAwADAAIABiAHUAaQBsAHQAIABiAHkAOgAgAFAAUgBPAEoARQBDAFQASwBSAEUATAAAAAAATgAXAAEASQBuAHQAZQByAG4AYQBsAE4AYQBtAGUAAABTAHkAcwB0AGUAbQAuAFQAaAByAGUAYQBkAGkAbgBnAC4AVABhAHMAawBzAAAAAACCAC8AAQBMAGUAZwBhAGwAQwBvAHAAeQByAGkAZwBoAHQAAACpACAATQBpAGMAcgBvAHMAbwBmAHQAIABDAG8AcgBwAG8AcgBhAHQAaQBvAG4ALgAgACAAQQBsAGwAIAByAGkAZwBoAHQAcwAgAHIAZQBzAGUAcgB2AGUAZAAuAAAAAABWABcAAQBPAHIAaQBnAGkAbgBhAGwARgBpAGwAZQBuAGEAbQBlAAAAUwB5AHMAdABlAG0ALgBUAGgAcgBlAGEAZABpAG4AZwAuAFQAYQBzAGsAcwAAAAAAVAAaAAEAUAByAG8AZAB1AGMAdABOAGEAbQBlAAAAAABNAGkAYwByAG8AcwBvAGYAdACuACAALgBOAEUAVAAgAEYAcgBhAG0AZQB3AG8AcgBrAAAAagAjAAEAUAByAG8AZAB1AGMAdABWAGUAcgBzAGkAbwBuAAAANAAuADYALgAyADMAMQAyADMALgAwADAAIABiAHUAaQBsAHQAIABiAHkAOgAgAFAAUgBPAEoARQBDAFQASwBSAEUATAAAAAAARAAAAAEAVgBhAHIARgBpAGwAZQBJAG4AZgBvAAAAAAAkAAQAAABUAHIAYQBuAHMAbABhAHQAaQBvAG4AAAAAAAkE5AQ=","PDBNotPresent","","v4.0.30319"
"System.Console, Version=4.0.0.0, Culture=neutral, PublicKeyToken=b03f5f7f11d50a3a","","1444711929","/AM0AAAAVgBTAF8AVgBFAFIAUwBJAE8ATgBfAEkATgBGAE8AAAAAAL0E7/4AAAEABgAEAAAAdVsAAAAAAAAAAD8AAAAAAAAABAAAAAIAAAAAAAAAAAAAAAAAAABEAAAAAQBWAGEAcgBGAGkAbABlAEkAbgBmAG8AAAAAACQABAAAAFQAcgBhAG4AcwBsAGEAdABpAG8AbgAAAAAAAACwBFwDAAABAFMAdAByAGkAbgBnAEYAaQBsAGUASQBuAGYAbwAAADgDAAABADAAMAAwADAAMAA0AGIAMAAAADYADwABAEMAbwBtAG0AZQBuAHQAcwAAAFMAeQBzAHQAZQBtAC4AQwBvAG4AcwBvAGwAZQAAAAAATAAWAAEAQwBvAG0AcABhAG4AeQBOAGEAbQBlAAAAAABNAGkAYwByAG8AcwBvAGYAdAAgAEMAbwByAHAAbwByAGEAdABpAG8AbgAAAEYADwABAEYAaQBsAGUARABlAHMAYwByAGkAcAB0AGkAbwBuAAAAAABTAHkAcwB0AGUAbQAuAEMAbwBuAHMAbwBsAGUAAAAAADoADQABAEYAaQBsAGUAVgBlAHIAcwBpAG8AbgAAAAAANAAuADYALgAyADMANAAxADMALgAwADAAAAAAAEYAEwABAEkAbgB0AGUAcgBuAGEAbABOAGEAbQBlAAAAUwB5AHMAdABlAG0ALgBDAG8AbgBzAG8AbABlAC4AZABsAGwAAAAAAIIALwABAEwAZQBnAGEAbABDAG8AcAB5AHIAaQBnAGgAdAAAAKkAIABNAGkAYwByAG8AcwBvAGYAdAAgAEMAbwByAHAAbwByAGEAdABpAG8AbgAuACAAIABBAGwAbAAgAHIAaQBnAGgAdABzACAAcgBlAHMAZQByAHYAZQBkAC4AAAAAAE4AEwABAE8AcgBpAGcAaQBuAGEAbABGAGkAbABlAG4AYQBtAGUAAABTAHkAcwB0AGUAbQAuAEMAbwBuAHMAbwBsAGUALgBkAGwAbAAAAAAAVAAaAAEAUAByAG8AZAB1AGMAdABOAGEAbQBlAAAAAABNAGkAYwByAG8AcwBvAGYAdACuACAALgBOAEUAVAAgAEYAcgBhAG0AZQB3AG8AcgBrAAAAcAAmAAEAUAByAG8AZAB1AGMAdABWAGUAcgBzAGkAbwBuAAAANAAuADYALgAyADMANAAxADMALgAwADAAIABiAHUAaQBsAHQAIABiAHkAOgAgAEQARABCAEwARAAxADAAMQAwAC0ARABMAEEAQgAAADgACAABAEEAcwBzAGUAbQBiAGwAeQAgAFYAZQByAHMAaQBvAG4AAAA0AC4AMAAuADAALgAwAAAA","PDBPresent","","v4.0.30319"
"System.Runtime.Serialization.Primitives, Version=4.0.10.0, Culture=neutral, PublicKeyToken=b03f5f7f11d50a3a","","1437623959","vgQ0AAAAVgBTAF8AVgBFAFIAUwBJAE8ATgBfAEkATgBGAE8AAAAAAL0E7/4AAAEABgAEAAAAU1oAAAAAAAAAAD8AAAAAAAAABAAAAAIAAAAAAAAAAAAAAAAAAABEAAAAAQBWAGEAcgBGAGkAbABlAEkAbgBmAG8AAAAAACQABAAAAFQAcgBhAG4AcwBsAGEAdABpAG8AbgAAAAAAAACwBB4EAAABAFMAdAByAGkAbgBnAEYAaQBsAGUASQBuAGYAbwAAAPoDAAABADAAMAAwADAAMAA0AGIAMAAAAGgAKAABAEMAbwBtAG0AZQBuAHQAcwAAAFMAeQBzAHQAZQBtAC4AUgB1AG4AdABpAG0AZQAuAFMAZQByAGkAYQBsAGkAegBhAHQAaQBvAG4ALgBQAHIAaQBtAGkAdABpAHYAZQBzAAAATAAWAAEAQwBvAG0AcABhAG4AeQBOAGEAbQBlAAAAAABNAGkAYwByAG8AcwBvAGYAdAAgAEMAbwByAHAAbwByAGEAdABpAG8AbgAAAHgAKAABAEYAaQBsAGUARABlAHMAYwByAGkAcAB0AGkAbwBuAAAAAABTAHkAcwB0AGUAbQAuAFIAdQBuAHQAaQBtAGUALgBTAGUAcgBpAGEAbABpAHoAYQB0AGkAbwBuAC4AUAByAGkAbQBpAHQAaQB2AGUAcwAAADoADQABAEYAaQBsAGUAVgBlAHIAcwBpAG8AbgAAAAAANAAuADYALgAyADMAMQAyADMALgAwADAAAAAAAHgALAABAEkAbgB0AGUAcgBuAGEAbABOAGEAbQBlAAAAUwB5AHMAdABlAG0ALgBSAHUAbgB0AGkAbQBlAC4AUwBlAHIAaQBhAGwAaQB6AGEAdABpAG8AbgAuAFAAcgBpAG0AaQB0AGkAdgBlAHMALgBkAGwAbAAAAIIALwABAEwAZQBnAGEAbABDAG8AcAB5AHIAaQBnAGgAdAAAAKkAIABNAGkAYwByAG8AcwBvAGYAdAAgAEMAbwByAHAAbwByAGEAdABpAG8AbgAuACAAIABBAGwAbAAgAHIAaQBnAGgAdABzACAAcgBlAHMAZQByAHYAZQBkAC4AAAAAAIAALAABAE8AcgBpAGcAaQBuAGEAbABGAGkAbABlAG4AYQBtAGUAAABTAHkAcwB0AGUAbQAuAFIAdQBuAHQAaQBtAGUALgBTAGUAcgBpAGEAbABpAHoAYQB0AGkAbwBuAC4AUAByAGkAbQBpAHQAaQB2AGUAcwAuAGQAbABsAAAAVAAaAAEAUAByAG8AZAB1AGMAdABOAGEAbQBlAAAAAABNAGkAYwByAG8AcwBvAGYAdACuACAALgBOAEUAVAAgAEYAcgBhAG0AZQB3AG8AcgBrAAAAcAAmAAEAUAByAG8AZAB1AGMAdABWAGUAcgBzAGkAbwBuAAAANAAuADYALgAyADMAMQAyADMALgAwADAAIABiAHUAaQBsAHQAIABiAHkAOgAgAEQARABCAEwARAA2ADUANwBDAC0AZABsAGEAYgAAADoACQABAEEAcwBzAGUAbQBiAGwAeQAgAFYAZQByAHMAaQBvAG4AAAA0AC4AMAAuADEAMAAuADAAAAA=","PDBNotPresent","","v4.0.30319"
"Microsoft.ApplicationInsights, Version=1.0.0.4220, Culture=neutral, PublicKeyToken=31bf3856ad364e35","","1434580773","PAM0AAAAVgBTAF8AVgBFAFIAUwBJAE8ATgBfAEkATgBGAE8AAAAAAL0E7/4AAAEAAAABAHwQAAAAAAEAfBAAAD8AAAAAAAAABAAAAAIAAAAAAAAAAAAAAAAAAABEAAAAAQBWAGEAcgBGAGkAbABlAEkAbgBmAG8AAAAAACQABAAAAFQAcgBhAG4AcwBsAGEAdABpAG8AbgAAAAAAAACwBJwCAAABAFMAdAByAGkAbgBnAEYAaQBsAGUASQBuAGYAbwAAAHgCAAABADAAMAAwADAAMAA0AGIAMAAAADQACgABAEMAbwBtAHAAYQBuAHkATgBhAG0AZQAAAAAATQBpAGMAcgBvAHMAbwBmAHQAAAAsAAIAAQBGAGkAbABlAEQAZQBzAGMAcgBpAHAAdABpAG8AbgAAAAAAIAAAADgACwABAEYAaQBsAGUAVgBlAHIAcwBpAG8AbgAAAAAAMQAuADAALgAwAC4ANAAyADIAMAAAAAAAZAAiAAEASQBuAHQAZQByAG4AYQBsAE4AYQBtAGUAAABNAGkAYwByAG8AcwBvAGYAdAAuAEEAcABwAGwAaQBjAGEAdABpAG8AbgBJAG4AcwBpAGcAaAB0AHMALgBkAGwAbAAAAHwALAABAEwAZQBnAGEAbABDAG8AcAB5AHIAaQBnAGgAdAAAAEMAbwBwAHkAcgBpAGcAaAB0ACAAqQAgAE0AaQBjAHIAbwBzAG8AZgB0AC4AIABBAGwAbAAgAFIAaQBnAGgAdABzACAAUgBlAHMAZQByAHYAZQBkAC4AAABsACIAAQBPAHIAaQBnAGkAbgBhAGwARgBpAGwAZQBuAGEAbQBlAAAATQBpAGMAcgBvAHMAbwBmAHQALgBBAHAAcABsAGkAYwBhAHQAaQBvAG4ASQBuAHMAaQBnAGgAdABzAC4AZABsAGwAAAA8AAsAAQBQAHIAbwBkAHUAYwB0AFYAZQByAHMAaQBvAG4AAAAxAC4AMAAuADAALgA0ADIAMgAwAAAAAABAAAsAAQBBAHMAcwBlAG0AYgBsAHkAIABWAGUAcgBzAGkAbwBuAAAAMQAuADAALgAwAC4ANAAyADIAMAAAAAAA","PDBNotPresent","","v4.0.30319"
"System.Private.StackTraceGenerator, Version=4.0.0.0, Culture=neutral, PublicKeyToken=b03f5f7f11d50a3a","","1444711942","HAQ0AAAAVgBTAF8AVgBFAFIAUwBJAE8ATgBfAEkATgBGAE8AAAAAAL0E7/4AAAEABgAEAAAAdVsGAAQAAAB1Wz8AAAAAAAAABAAAAAIAAAAAAAAAAAAAAAAAAAB6AwAAAQBTAHQAcgBpAG4AZwBGAGkAbABlAEkAbgBmAG8AAABWAwAAAQAwADQAMAA5ADAANABFADQAAABMABYAAQBDAG8AbQBwAGEAbgB5AE4AYQBtAGUAAAAAAE0AaQBjAHIAbwBzAG8AZgB0ACAAQwBvAHIAcABvAHIAYQB0AGkAbwBuAAAAbgAjAAEARgBpAGwAZQBEAGUAcwBjAHIAaQBwAHQAaQBvAG4AAAAAAFMAeQBzAHQAZQBtAC4AUAByAGkAdgBhAHQAZQAuAFMAdABhAGMAawBUAHIAYQBjAGUARwBlAG4AZQByAGEAdABvAHIAAAAAAGYAIwABAEYAaQBsAGUAVgBlAHIAcwBpAG8AbgAAAAAANAAuADYALgAyADMANAAxADMALgAwADAAIABiAHUAaQBsAHQAIABiAHkAOgAgAFAAUgBPAEoARQBDAFQATgBSAEUATAAAAAAAZgAjAAEASQBuAHQAZQByAG4AYQBsAE4AYQBtAGUAAABTAHkAcwB0AGUAbQAuAFAAcgBpAHYAYQB0AGUALgBTAHQAYQBjAGsAVAByAGEAYwBlAEcAZQBuAGUAcgBhAHQAbwByAAAAAACCAC8AAQBMAGUAZwBhAGwAQwBvAHAAeQByAGkAZwBoAHQAAACpACAATQBpAGMAcgBvAHMAbwBmAHQAIABDAG8AcgBwAG8AcgBhAHQAaQBvAG4ALgAgACAAQQBsAGwAIAByAGkAZwBoAHQAcwAgAHIAZQBzAGUAcgB2AGUAZAAuAAAAAABuACMAAQBPAHIAaQBnAGkAbgBhAGwARgBpAGwAZQBuAGEAbQBlAAAAUwB5AHMAdABlAG0ALgBQAHIAaQB2AGEAdABlAC4AUwB0AGEAYwBrAFQAcgBhAGMAZQBHAGUAbgBlAHIAYQB0AG8AcgAAAAAAVAAaAAEAUAByAG8AZAB1AGMAdABOAGEAbQBlAAAAAABNAGkAYwByAG8AcwBvAGYAdACuACAALgBOAEUAVAAgAEYAcgBhAG0AZQB3AG8AcgBrAAAAagAjAAEAUAByAG8AZAB1AGMAdABWAGUAcgBzAGkAbwBuAAAANAAuADYALgAyADMANAAxADMALgAwADAAIABiAHUAaQBsAHQAIABiAHkAOgAgAFAAUgBPAEoARQBDAFQATgBSAEUATAAAAAAARAAAAAEAVgBhAHIARgBpAGwAZQBJAG4AZgBvAAAAAAAkAAQAAABUAHIAYQBuAHMAbABhAHQAaQBvAG4AAAAAAAkE5AQ=","PDBPresent","","v4.0.30319"
"System.Diagnostics.Tools, Version=4.0.0.0, Culture=neutral, PublicKeyToken=b03f5f7f11d50a3a","","1437623928","4AM0AAAAVgBTAF8AVgBFAFIAUwBJAE8ATgBfAEkATgBGAE8AAAAAAL0E7/4AAAEABgAEAAAAU1oGAAQAAABTWj8AAAAAAAAABAAAAAIAAAAAAAAAAAAAAAAAAAA+AwAAAQBTAHQAcgBpAG4AZwBGAGkAbABlAEkAbgBmAG8AAAAaAwAAAQAwADQAMAA5ADAANABFADQAAABMABYAAQBDAG8AbQBwAGEAbgB5AE4AYQBtAGUAAAAAAE0AaQBjAHIAbwBzAG8AZgB0ACAAQwBvAHIAcABvAHIAYQB0AGkAbwBuAAAAWgAZAAEARgBpAGwAZQBEAGUAcwBjAHIAaQBwAHQAaQBvAG4AAAAAAFMAeQBzAHQAZQBtAC4ARABpAGEAZwBuAG8AcwB0AGkAYwBzAC4AVABvAG8AbABzAAAAAABmACMAAQBGAGkAbABlAFYAZQByAHMAaQBvAG4AAAAAADQALgA2AC4AMgAzADEAMgAzAC4AMAAwACAAYgB1AGkAbAB0ACAAYgB5ADoAIABQAFIATwBKAEUAQwBUAEsAUgBFAEwAAAAAAFIAGQABAEkAbgB0AGUAcgBuAGEAbABOAGEAbQBlAAAAUwB5AHMAdABlAG0ALgBEAGkAYQBnAG4AbwBzAHQAaQBjAHMALgBUAG8AbwBsAHMAAAAAAIIALwABAEwAZQBnAGEAbABDAG8AcAB5AHIAaQBnAGgAdAAAAKkAIABNAGkAYwByAG8AcwBvAGYAdAAgAEMAbwByAHAAbwByAGEAdABpAG8AbgAuACAAIABBAGwAbAAgAHIAaQBnAGgAdABzACAAcgBlAHMAZQByAHYAZQBkAC4AAAAAAFoAGQABAE8AcgBpAGcAaQBuAGEAbABGAGkAbABlAG4AYQBtAGUAAABTAHkAcwB0AGUAbQAuAEQAaQBhAGcAbgBvAHMAdABpAGMAcwAuAFQAbwBvAGwAcwAAAAAAVAAaAAEAUAByAG8AZAB1AGMAdABOAGEAbQBlAAAAAABNAGkAYwByAG8AcwBvAGYAdACuACAALgBOAEUAVAAgAEYAcgBhAG0AZQB3AG8AcgBrAAAAagAjAAEAUAByAG8AZAB1AGMAdABWAGUAcgBzAGkAbwBuAAAANAAuADYALgAyADMAMQAyADMALgAwADAAIABiAHUAaQBsAHQAIABiAHkAOgAgAFAAUgBPAEoARQBDAFQASwBSAEUATAAAAAAARAAAAAEAVgBhAHIARgBpAGwAZQBJAG4AZgBvAAAAAAAkAAQAAABUAHIAYQBuAHMAbABhAHQAaQBvAG4AAAAAAAkE5AQ=","PDBNotPresent","","v4.0.30319"
"System.Net.Requests, Version=4.0.10.0, Culture=neutral, PublicKeyToken=b03f5f7f11d50a3a","","1437623927","vAM0AAAAVgBTAF8AVgBFAFIAUwBJAE8ATgBfAEkATgBGAE8AAAAAAL0E7/4AAAEABgAEAAAAU1oGAAQAAABTWj8AAAAAAAAABAAAAAIAAAAAAAAAAAAAAAAAAAAaAwAAAQBTAHQAcgBpAG4AZwBGAGkAbABlAEkAbgBmAG8AAAD2AgAAAQAwADQAMAA5ADAANABFADQAAABMABYAAQBDAG8AbQBwAGEAbgB5AE4AYQBtAGUAAAAAAE0AaQBjAHIAbwBzAG8AZgB0ACAAQwBvAHIAcABvAHIAYQB0AGkAbwBuAAAAUAAUAAEARgBpAGwAZQBEAGUAcwBjAHIAaQBwAHQAaQBvAG4AAAAAAFMAeQBzAHQAZQBtAC4ATgBlAHQALgBSAGUAcQB1AGUAcwB0AHMAAABmACMAAQBGAGkAbABlAFYAZQByAHMAaQBvAG4AAAAAADQALgA2AC4AMgAzADEAMgAzAC4AMAAwACAAYgB1AGkAbAB0ACAAYgB5ADoAIABQAFIATwBKAEUAQwBUAEsAUgBFAEwAAAAAAEgAFAABAEkAbgB0AGUAcgBuAGEAbABOAGEAbQBlAAAAUwB5AHMAdABlAG0ALgBOAGUAdAAuAFIAZQBxAHUAZQBzAHQAcwAAAIIALwABAEwAZQBnAGEAbABDAG8AcAB5AHIAaQBnAGgAdAAAAKkAIABNAGkAYwByAG8AcwBvAGYAdAAgAEMAbwByAHAAbwByAGEAdABpAG8AbgAuACAAIABBAGwAbAAgAHIAaQBnAGgAdABzACAAcgBlAHMAZQByAHYAZQBkAC4AAAAAAFAAFAABAE8AcgBpAGcAaQBuAGEAbABGAGkAbABlAG4AYQBtAGUAAABTAHkAcwB0AGUAbQAuAE4AZQB0AC4AUgBlAHEAdQBlAHMAdABzAAAAVAAaAAEAUAByAG8AZAB1AGMAdABOAGEAbQBlAAAAAABNAGkAYwByAG8AcwBvAGYAdACuACAALgBOAEUAVAAgAEYAcgBhAG0AZQB3AG8AcgBrAAAAagAjAAEAUAByAG8AZAB1AGMAdABWAGUAcgBzAGkAbwBuAAAANAAuADYALgAyADMAMQAyADMALgAwADAAIABiAHUAaQBsAHQAIABiAHkAOgAgAFAAUgBPAEoARQBDAFQASwBSAEUATAAAAAAARAAAAAEAVgBhAHIARgBpAGwAZQBJAG4AZgBvAAAAAAAkAAQAAABUAHIAYQBuAHMAbABhAHQAaQBvAG4AAAAAAAkE5AQ=","PDBNotPresent","","v4.0.30319"
"System.IO.Compression, Version=4.0.0.0, Culture=neutral, PublicKeyToken=b77a5c561934e089","","1437623907","yAM0AAAAVgBTAF8AVgBFAFIAUwBJAE8ATgBfAEkATgBGAE8AAAAAAL0E7/4AAAEABgAEAAAAU1oGAAQAAABTWj8AAAAAAAAABAAAAAIAAAAAAAAAAAAAAAAAAAAmAwAAAQBTAHQAcgBpAG4AZwBGAGkAbABlAEkAbgBmAG8AAAACAwAAAQAwADQAMAA5ADAANABFADQAAABMABYAAQBDAG8AbQBwAGEAbgB5AE4AYQBtAGUAAAAAAE0AaQBjAHIAbwBzAG8AZgB0ACAAQwBvAHIAcABvAHIAYQB0AGkAbwBuAAAAVAAWAAEARgBpAGwAZQBEAGUAcwBjAHIAaQBwAHQAaQBvAG4AAAAAAFMAeQBzAHQAZQBtAC4ASQBPAC4AQwBvAG0AcAByAGUAcwBzAGkAbwBuAAAAZgAjAAEARgBpAGwAZQBWAGUAcgBzAGkAbwBuAAAAAAA0AC4ANgAuADIAMwAxADIAMwAuADAAMAAgAGIAdQBpAGwAdAAgAGIAeQA6ACAAUABSAE8ASgBFAEMAVABLAFIARQBMAAAAAABMABYAAQBJAG4AdABlAHIAbgBhAGwATgBhAG0AZQAAAFMAeQBzAHQAZQBtAC4ASQBPAC4AQwBvAG0AcAByAGUAcwBzAGkAbwBuAAAAggAvAAEATABlAGcAYQBsAEMAbwBwAHkAcgBpAGcAaAB0AAAAqQAgAE0AaQBjAHIAbwBzAG8AZgB0ACAAQwBvAHIAcABvAHIAYQB0AGkAbwBuAC4AIAAgAEEAbABsACAAcgBpAGcAaAB0AHMAIAByAGUAcwBlAHIAdgBlAGQALgAAAAAAVAAWAAEATwByAGkAZwBpAG4AYQBsAEYAaQBsAGUAbgBhAG0AZQAAAFMAeQBzAHQAZQBtAC4ASQBPAC4AQwBvAG0AcAByAGUAcwBzAGkAbwBuAAAAVAAaAAEAUAByAG8AZAB1AGMAdABOAGEAbQBlAAAAAABNAGkAYwByAG8AcwBvAGYAdACuACAALgBOAEUAVAAgAEYAcgBhAG0AZQB3AG8AcgBrAAAAagAjAAEAUAByAG8AZAB1AGMAdABWAGUAcgBzAGkAbwBuAAAANAAuADYALgAyADMAMQAyADMALgAwADAAIABiAHUAaQBsAHQAIABiAHkAOgAgAFAAUgBPAEoARQBDAFQASwBSAEUATAAAAAAARAAAAAEAVgBhAHIARgBpAGwAZQBJAG4AZgBvAAAAAAAkAAQAAABUAHIAYQBuAHMAbABhAHQAaQBvAG4AAAAAAAkE5AQ=","PDBNotPresent","","v4.0.30319"
"System.Net.WebHeaderCollection, Version=4.0.0.0, Culture=neutral, PublicKeyToken=b03f5f7f11d50a3a","","1437623927","BAQ0AAAAVgBTAF8AVgBFAFIAUwBJAE8ATgBfAEkATgBGAE8AAAAAAL0E7/4AAAEABgAEAAAAU1oGAAQAAABTWj8AAAAAAAAABAAAAAIAAAAAAAAAAAAAAAAAAABiAwAAAQBTAHQAcgBpAG4AZwBGAGkAbABlAEkAbgBmAG8AAAA+AwAAAQAwADQAMAA5ADAANABFADQAAABMABYAAQBDAG8AbQBwAGEAbgB5AE4AYQBtAGUAAAAAAE0AaQBjAHIAbwBzAG8AZgB0ACAAQwBvAHIAcABvAHIAYQB0AGkAbwBuAAAAZgAfAAEARgBpAGwAZQBEAGUAcwBjAHIAaQBwAHQAaQBvAG4AAAAAAFMAeQBzAHQAZQBtAC4ATgBlAHQALgBXAGUAYgBIAGUAYQBkAGUAcgBDAG8AbABsAGUAYwB0AGkAbwBuAAAAAABmACMAAQBGAGkAbABlAFYAZQByAHMAaQBvAG4AAAAAADQALgA2AC4AMgAzADEAMgAzAC4AMAAwACAAYgB1AGkAbAB0ACAAYgB5ADoAIABQAFIATwBKAEUAQwBUAEsAUgBFAEwAAAAAAF4AHwABAEkAbgB0AGUAcgBuAGEAbABOAGEAbQBlAAAAUwB5AHMAdABlAG0ALgBOAGUAdAAuAFcAZQBiAEgAZQBhAGQAZQByAEMAbwBsAGwAZQBjAHQAaQBvAG4AAAAAAIIALwABAEwAZQBnAGEAbABDAG8AcAB5AHIAaQBnAGgAdAAAAKkAIABNAGkAYwByAG8AcwBvAGYAdAAgAEMAbwByAHAAbwByAGEAdABpAG8AbgAuACAAIABBAGwAbAAgAHIAaQBnAGgAdABzACAAcgBlAHMAZQByAHYAZQBkAC4AAAAAAGYAHwABAE8AcgBpAGcAaQBuAGEAbABGAGkAbABlAG4AYQBtAGUAAABTAHkAcwB0AGUAbQAuAE4AZQB0AC4AVwBlAGIASABlAGEAZABlAHIAQwBvAGwAbABlAGMAdABpAG8AbgAAAAAAVAAaAAEAUAByAG8AZAB1AGMAdABOAGEAbQBlAAAAAABNAGkAYwByAG8AcwBvAGYAdACuACAALgBOAEUAVAAgAEYAcgBhAG0AZQB3AG8AcgBrAAAAagAjAAEAUAByAG8AZAB1AGMAdABWAGUAcgBzAGkAbwBuAAAANAAuADYALgAyADMAMQAyADMALgAwADAAIABiAHUAaQBsAHQAIABiAHkAOgAgAFAAUgBPAEoARQBDAFQASwBSAEUATAAAAAAARAAAAAEAVgBhAHIARgBpAGwAZQBJAG4AZgBvAAAAAAAkAAQAAABUAHIAYQBuAHMAbABhAHQAaQBvAG4AAAAAAAkE5AQ=","PDBNotPresent","","v4.0.30319"
"System.Net.Http, Version=4.0.0.0, Culture=neutral, PublicKeyToken=b03f5f7f11d50a3a","","1437623922","pAM0AAAAVgBTAF8AVgBFAFIAUwBJAE8ATgBfAEkATgBGAE8AAAAAAL0E7/4AAAEABgAEAAAAU1oGAAQAAABTWj8AAAAAAAAABAAAAAIAAAAAAAAAAAAAAAAAAAACAwAAAQBTAHQAcgBpAG4AZwBGAGkAbABlAEkAbgBmAG8AAADeAgAAAQAwADQAMAA5ADAANABFADQAAABMABYAAQBDAG8AbQBwAGEAbgB5AE4AYQBtAGUAAAAAAE0AaQBjAHIAbwBzAG8AZgB0ACAAQwBvAHIAcABvAHIAYQB0AGkAbwBuAAAASAAQAAEARgBpAGwAZQBEAGUAcwBjAHIAaQBwAHQAaQBvAG4AAAAAAFMAeQBzAHQAZQBtAC4ATgBlAHQALgBIAHQAdABwAAAAZgAjAAEARgBpAGwAZQBWAGUAcgBzAGkAbwBuAAAAAAA0AC4ANgAuADIAMwAxADIAMwAuADAAMAAgAGIAdQBpAGwAdAAgAGIAeQA6ACAAUABSAE8ASgBFAEMAVABLAFIARQBMAAAAAABAABAAAQBJAG4AdABlAHIAbgBhAGwATgBhAG0AZQAAAFMAeQBzAHQAZQBtAC4ATgBlAHQALgBIAHQAdABwAAAAggAvAAEATABlAGcAYQBsAEMAbwBwAHkAcgBpAGcAaAB0AAAAqQAgAE0AaQBjAHIAbwBzAG8AZgB0ACAAQwBvAHIAcABvAHIAYQB0AGkAbwBuAC4AIAAgAEEAbABsACAAcgBpAGcAaAB0AHMAIAByAGUAcwBlAHIAdgBlAGQALgAAAAAASAAQAAEATwByAGkAZwBpAG4AYQBsAEYAaQBsAGUAbgBhAG0AZQAAAFMAeQBzAHQAZQBtAC4ATgBlAHQALgBIAHQAdABwAAAAVAAaAAEAUAByAG8AZAB1AGMAdABOAGEAbQBlAAAAAABNAGkAYwByAG8AcwBvAGYAdACuACAALgBOAEUAVAAgAEYAcgBhAG0AZQB3AG8AcgBrAAAAagAjAAEAUAByAG8AZAB1AGMAdABWAGUAcgBzAGkAbwBuAAAANAAuADYALgAyADMAMQAyADMALgAwADAAIABiAHUAaQBsAHQAIABiAHkAOgAgAFAAUgBPAEoARQBDAFQASwBSAEUATAAAAAAARAAAAAEAVgBhAHIARgBpAGwAZQBJAG4AZgBvAAAAAAAkAAQAAABUAHIAYQBuAHMAbABhAHQAaQBvAG4AAAAAAAkE5AQ=","PDBNotPresent","","v4.0.30319"
"System.Private.Networking, Version=4.0.0.0, Culture=neutral, PublicKeyToken=b03f5f7f11d50a3a","","1437623927","4AM0AAAAVgBTAF8AVgBFAFIAUwBJAE8ATgBfAEkATgBGAE8AAAAAAL0E7/4AAAEABgAEAAAAU1oGAAQAAABTWj8AAAAAAAAABAAAAAIAAAAAAAAAAAAAAAAAAAA+AwAAAQBTAHQAcgBpAG4AZwBGAGkAbABlAEkAbgBmAG8AAAAaAwAAAQAwADQAMAA5ADAANABFADQAAABMABYAAQBDAG8AbQBwAGEAbgB5AE4AYQBtAGUAAAAAAE0AaQBjAHIAbwBzAG8AZgB0ACAAQwBvAHIAcABvAHIAYQB0AGkAbwBuAAAAXAAaAAEARgBpAGwAZQBEAGUAcwBjAHIAaQBwAHQAaQBvAG4AAAAAAFMAeQBzAHQAZQBtAC4AUAByAGkAdgBhAHQAZQAuAE4AZQB0AHcAbwByAGsAaQBuAGcAAABmACMAAQBGAGkAbABlAFYAZQByAHMAaQBvAG4AAAAAADQALgA2AC4AMgAzADEAMgAzAC4AMAAwACAAYgB1AGkAbAB0ACAAYgB5ADoAIABQAFIATwBKAEUAQwBUAEsAUgBFAEwAAAAAAFQAGgABAEkAbgB0AGUAcgBuAGEAbABOAGEAbQBlAAAAUwB5AHMAdABlAG0ALgBQAHIAaQB2AGEAdABlAC4ATgBlAHQAdwBvAHIAawBpAG4AZwAAAIIALwABAEwAZQBnAGEAbABDAG8AcAB5AHIAaQBnAGgAdAAAAKkAIABNAGkAYwByAG8AcwBvAGYAdAAgAEMAbwByAHAAbwByAGEAdABpAG8AbgAuACAAIABBAGwAbAAgAHIAaQBnAGgAdABzACAAcgBlAHMAZQByAHYAZQBkAC4AAAAAAFwAGgABAE8AcgBpAGcAaQBuAGEAbABGAGkAbABlAG4AYQBtAGUAAABTAHkAcwB0AGUAbQAuAFAAcgBpAHYAYQB0AGUALgBOAGUAdAB3AG8AcgBrAGkAbgBnAAAAVAAaAAEAUAByAG8AZAB1AGMAdABOAGEAbQBlAAAAAABNAGkAYwByAG8AcwBvAGYAdACuACAALgBOAEUAVAAgAEYAcgBhAG0AZQB3AG8AcgBrAAAAagAjAAEAUAByAG8AZAB1AGMAdABWAGUAcgBzAGkAbwBuAAAANAAuADYALgAyADMAMQAyADMALgAwADAAIABiAHUAaQBsAHQAIABiAHkAOgAgAFAAUgBPAEoARQBDAFQASwBSAEUATAAAAAAARAAAAAEAVgBhAHIARgBpAGwAZQBJAG4AZgBvAAAAAAAkAAQAAABUAHIAYQBuAHMAbABhAHQAaQBvAG4AAAAAAAkE5AQ=","PDBNotPresent","","v4.0.30319"
"System.Collections.Specialized, Version=4.0.0.0, Culture=neutral, PublicKeyToken=b03f5f7f11d50a3a","","1437623886","fAQ0AAAAVgBTAF8AVgBFAFIAUwBJAE8ATgBfAEkATgBGAE8AAAAAAL0E7/4AAAEABgAEAAAAU1oAAAAAAAAAAD8AAAAAAAAABAAAAAIAAAAAAAAAAAAAAAAAAABEAAAAAQBWAGEAcgBGAGkAbABlAEkAbgBmAG8AAAAAACQABAAAAFQAcgBhAG4AcwBsAGEAdABpAG8AbgAAAAAAAACwBNwDAAABAFMAdAByAGkAbgBnAEYAaQBsAGUASQBuAGYAbwAAALgDAAABADAAMAAwADAAMAA0AGIAMAAAAFYAHwABAEMAbwBtAG0AZQBuAHQAcwAAAFMAeQBzAHQAZQBtAC4AQwBvAGwAbABlAGMAdABpAG8AbgBzAC4AUwBwAGUAYwBpAGEAbABpAHoAZQBkAAAAAABMABYAAQBDAG8AbQBwAGEAbgB5AE4AYQBtAGUAAAAAAE0AaQBjAHIAbwBzAG8AZgB0ACAAQwBvAHIAcABvAHIAYQB0AGkAbwBuAAAAZgAfAAEARgBpAGwAZQBEAGUAcwBjAHIAaQBwAHQAaQBvAG4AAAAAAFMAeQBzAHQAZQBtAC4AQwBvAGwAbABlAGMAdABpAG8AbgBzAC4AUwBwAGUAYwBpAGEAbABpAHoAZQBkAAAAAAA6AA0AAQBGAGkAbABlAFYAZQByAHMAaQBvAG4AAAAAADQALgA2AC4AMgAzADEAMgAzAC4AMAAwAAAAAABmACMAAQBJAG4AdABlAHIAbgBhAGwATgBhAG0AZQAAAFMAeQBzAHQAZQBtAC4AQwBvAGwAbABlAGMAdABpAG8AbgBzAC4AUwBwAGUAYwBpAGEAbABpAHoAZQBkAC4AZABsAGwAAAAAAIIALwABAEwAZQBnAGEAbABDAG8AcAB5AHIAaQBnAGgAdAAAAKkAIABNAGkAYwByAG8AcwBvAGYAdAAgAEMAbwByAHAAbwByAGEAdABpAG8AbgAuACAAIABBAGwAbAAgAHIAaQBnAGgAdABzACAAcgBlAHMAZQByAHYAZQBkAC4AAAAAAG4AIwABAE8AcgBpAGcAaQBuAGEAbABGAGkAbABlAG4AYQBtAGUAAABTAHkAcwB0AGUAbQAuAEMAbwBsAGwAZQBjAHQAaQBvAG4AcwAuAFMAcABlAGMAaQBhAGwAaQB6AGUAZAAuAGQAbABsAAAAAABUABoAAQBQAHIAbwBkAHUAYwB0AE4AYQBtAGUAAAAAAE0AaQBjAHIAbwBzAG8AZgB0AK4AIAAuAE4ARQBUACAARgByAGEAbQBlAHcAbwByAGsAAABwACYAAQBQAHIAbwBkAHUAYwB0AFYAZQByAHMAaQBvAG4AAAA0AC4ANgAuADIAMwAxADIAMwAuADAAMAAgAGIAdQBpAGwAdAAgAGIAeQA6ACAARABEAEIATABEADYANQA3AEMALQBkAGwAYQBiAAAAOAAIAAEAQQBzAHMAZQBtAGIAbAB5ACAAVgBlAHIAcwBpAG8AbgAAADQALgAwAC4AMAAuADAAAAA=","PDBNotPresent","","v4.0.30319"
"System.Collections.NonGeneric, Version=4.0.0.0, Culture=neutral, PublicKeyToken=b03f5f7f11d50a3a","","1437623886","bAQ0AAAAVgBTAF8AVgBFAFIAUwBJAE8ATgBfAEkATgBGAE8AAAAAAL0E7/4AAAEABgAEAAAAU1oAAAAAAAAAAD8AAAAAAAAABAAAAAIAAAAAAAAAAAAAAAAAAABEAAAAAQBWAGEAcgBGAGkAbABlAEkAbgBmAG8AAAAAACQABAAAAFQAcgBhAG4AcwBsAGEAdABpAG8AbgAAAAAAAACwBMwDAAABAFMAdAByAGkAbgBnAEYAaQBsAGUASQBuAGYAbwAAAKgDAAABADAAMAAwADAAMAA0AGIAMAAAAFQAHgABAEMAbwBtAG0AZQBuAHQAcwAAAFMAeQBzAHQAZQBtAC4AQwBvAGwAbABlAGMAdABpAG8AbgBzAC4ATgBvAG4ARwBlAG4AZQByAGkAYwAAAEwAFgABAEMAbwBtAHAAYQBuAHkATgBhAG0AZQAAAAAATQBpAGMAcgBvAHMAbwBmAHQAIABDAG8AcgBwAG8AcgBhAHQAaQBvAG4AAABkAB4AAQBGAGkAbABlAEQAZQBzAGMAcgBpAHAAdABpAG8AbgAAAAAAUwB5AHMAdABlAG0ALgBDAG8AbABsAGUAYwB0AGkAbwBuAHMALgBOAG8AbgBHAGUAbgBlAHIAaQBjAAAAOgANAAEARgBpAGwAZQBWAGUAcgBzAGkAbwBuAAAAAAA0AC4ANgAuADIAMwAxADIAMwAuADAAMAAAAAAAZAAiAAEASQBuAHQAZQByAG4AYQBsAE4AYQBtAGUAAABTAHkAcwB0AGUAbQAuAEMAbwBsAGwAZQBjAHQAaQBvAG4AcwAuAE4AbwBuAEcAZQBuAGUAcgBpAGMALgBkAGwAbAAAAIIALwABAEwAZQBnAGEAbABDAG8AcAB5AHIAaQBnAGgAdAAAAKkAIABNAGkAYwByAG8AcwBvAGYAdAAgAEMAbwByAHAAbwByAGEAdABpAG8AbgAuACAAIABBAGwAbAAgAHIAaQBnAGgAdABzACAAcgBlAHMAZQByAHYAZQBkAC4AAAAAAGwAIgABAE8AcgBpAGcAaQBuAGEAbABGAGkAbABlAG4AYQBtAGUAAABTAHkAcwB0AGUAbQAuAEMAbwBsAGwAZQBjAHQAaQBvAG4AcwAuAE4AbwBuAEcAZQBuAGUAcgBpAGMALgBkAGwAbAAAAFQAGgABAFAAcgBvAGQAdQBjAHQATgBhAG0AZQAAAAAATQBpAGMAcgBvAHMAbwBmAHQArgAgAC4ATgBFAFQAIABGAHIAYQBtAGUAdwBvAHIAawAAAHAAJgABAFAAcgBvAGQAdQBjAHQAVgBlAHIAcwBpAG8AbgAAADQALgA2AC4AMgAzADEAMgAzAC4AMAAwACAAYgB1AGkAbAB0ACAAYgB5ADoAIABEAEQAQgBMAEQANgA1ADcAQwAtAGQAbABhAGIAAAA4AAgAAQBBAHMAcwBlAG0AYgBsAHkAIABWAGUAcgBzAGkAbwBuAAAANAAuADAALgAwAC4AMAAAAA==","PDBNotPresent","","v4.0.30319"
"Microsoft.Win32.Primitives, Version=4.0.0.0, Culture=neutral, PublicKeyToken=b03f5f7f11d50a3a","","1437623882","XAQ0AAAAVgBTAF8AVgBFAFIAUwBJAE8ATgBfAEkATgBGAE8AAAAAAL0E7/4AAAEABgAEAAAAU1oAAAAAAAAAAD8AAAAAAAAABAAAAAIAAAAAAAAAAAAAAAAAAABEAAAAAQBWAGEAcgBGAGkAbABlAEkAbgBmAG8AAAAAACQABAAAAFQAcgBhAG4AcwBsAGEAdABpAG8AbgAAAAAAAACwBLwDAAABAFMAdAByAGkAbgBnAEYAaQBsAGUASQBuAGYAbwAAAJgDAAABADAAMAAwADAAMAA0AGIAMAAAAE4AGwABAEMAbwBtAG0AZQBuAHQAcwAAAE0AaQBjAHIAbwBzAG8AZgB0AC4AVwBpAG4AMwAyAC4AUAByAGkAbQBpAHQAaQB2AGUAcwAAAAAATAAWAAEAQwBvAG0AcABhAG4AeQBOAGEAbQBlAAAAAABNAGkAYwByAG8AcwBvAGYAdAAgAEMAbwByAHAAbwByAGEAdABpAG8AbgAAAF4AGwABAEYAaQBsAGUARABlAHMAYwByAGkAcAB0AGkAbwBuAAAAAABNAGkAYwByAG8AcwBvAGYAdAAuAFcAaQBuADMAMgAuAFAAcgBpAG0AaQB0AGkAdgBlAHMAAAAAADoADQABAEYAaQBsAGUAVgBlAHIAcwBpAG8AbgAAAAAANAAuADYALgAyADMAMQAyADMALgAwADAAAAAAAF4AHwABAEkAbgB0AGUAcgBuAGEAbABOAGEAbQBlAAAATQBpAGMAcgBvAHMAbwBmAHQALgBXAGkAbgAzADIALgBQAHIAaQBtAGkAdABpAHYAZQBzAC4AZABsAGwAAAAAAIIALwABAEwAZQBnAGEAbABDAG8AcAB5AHIAaQBnAGgAdAAAAKkAIABNAGkAYwByAG8AcwBvAGYAdAAgAEMAbwByAHAAbwByAGEAdABpAG8AbgAuACAAIABBAGwAbAAgAHIAaQBnAGgAdABzACAAcgBlAHMAZQByAHYAZQBkAC4AAAAAAGYAHwABAE8AcgBpAGcAaQBuAGEAbABGAGkAbABlAG4AYQBtAGUAAABNAGkAYwByAG8AcwBvAGYAdAAuAFcAaQBuADMAMgAuAFAAcgBpAG0AaQB0AGkAdgBlAHMALgBkAGwAbAAAAAAAVAAaAAEAUAByAG8AZAB1AGMAdABOAGEAbQBlAAAAAABNAGkAYwByAG8AcwBvAGYAdACuACAALgBOAEUAVAAgAEYAcgBhAG0AZQB3AG8AcgBrAAAAcAAmAAEAUAByAG8AZAB1AGMAdABWAGUAcgBzAGkAbwBuAAAANAAuADYALgAyADMAMQAyADMALgAwADAAIABiAHUAaQBsAHQAIABiAHkAOgAgAEQARABCAEwARAA2ADUANwBDAC0AZABsAGEAYgAAADgACAABAEEAcwBzAGUAbQBiAGwAeQAgAFYAZQByAHMAaQBvAG4AAAA0AC4AMAAuADAALgAwAAAA","PDBNotPresent","","v4.0.30319"
"System.IO.FileSystem, Version=4.0.0.0, Culture=neutral, PublicKeyToken=b03f5f7f11d50a3a","","1437623910","0AM0AAAAVgBTAF8AVgBFAFIAUwBJAE8ATgBfAEkATgBGAE8AAAAAAL0E7/4AAAEABgAEAAAAU1oGAAQAAABTWj8AAAAAAAAABAAAAAIAAAAAAAAAAAAAAAAAAAAwAwAAAQBTAHQAcgBpAG4AZwBGAGkAbABlAEkAbgBmAG8AAAAMAwAAAQAwADQAMAA5ADAANABFADQAAABMABYAAQBDAG8AbQBwAGEAbgB5AE4AYQBtAGUAAAAAAE0AaQBjAHIAbwBzAG8AZgB0ACAAQwBvAHIAcABvAHIAYQB0AGkAbwBuAAAAUgAVAAEARgBpAGwAZQBEAGUAcwBjAHIAaQBwAHQAaQBvAG4AAAAAAFMAeQBzAHQAZQBtAC4ASQBPAC4ARgBpAGwAZQBTAHkAcwB0AGUAbQAAAAAAbAAmAAEARgBpAGwAZQBWAGUAcgBzAGkAbwBuAAAAAAA0AC4ANgAuADIAMwAxADIAMwAuADAAMAAgAGIAdQBpAGwAdAAgAGIAeQA6ACAARABEAEIATABEADYANQA3AEMALQBkAGwAYQBiAAAASgAVAAEASQBuAHQAZQByAG4AYQBsAE4AYQBtAGUAAABTAHkAcwB0AGUAbQAuAEkATwAuAEYAaQBsAGUAUwB5AHMAdABlAG0AAAAAAIIALwABAEwAZQBnAGEAbABDAG8AcAB5AHIAaQBnAGgAdAAAAKkAIABNAGkAYwByAG8AcwBvAGYAdAAgAEMAbwByAHAAbwByAGEAdABpAG8AbgAuACAAIABBAGwAbAAgAHIAaQBnAGgAdABzACAAcgBlAHMAZQByAHYAZQBkAC4AAAAAAFIAFQABAE8AcgBpAGcAaQBuAGEAbABGAGkAbABlAG4AYQBtAGUAAABTAHkAcwB0AGUAbQAuAEkATwAuAEYAaQBsAGUAUwB5AHMAdABlAG0AAAAAAFQAGgABAFAAcgBvAGQAdQBjAHQATgBhAG0AZQAAAAAATQBpAGMAcgBvAHMAbwBmAHQArgAgAC4ATgBFAFQAIABGAHIAYQBtAGUAdwBvAHIAawAAAHAAJgABAFAAcgBvAGQAdQBjAHQAVgBlAHIAcwBpAG8AbgAAADQALgA2AC4AMgAzADEAMgAzAC4AMAAwACAAYgB1AGkAbAB0ACAAYgB5ADoAIABEAEQAQgBMAEQANgA1ADcAQwAtAGQAbABhAGIAAABEAAAAAQBWAGEAcgBGAGkAbABlAEkAbgBmAG8AAAAAACQABAAAAFQAcgBhAG4AcwBsAGEAdABpAG8AbgAAAAAACQTkBA==","PDBNotPresent","","v4.0.30319"
"System.Threading.Overlapped, Version=4.0.0.0, Culture=neutral, PublicKeyToken=b03f5f7f11d50a3a","","1437623983","7AM0AAAAVgBTAF8AVgBFAFIAUwBJAE8ATgBfAEkATgBGAE8AAAAAAL0E7/4AAAEABgAEAAAAU1oGAAQAAABTWj8AAAAAAAAABAAAAAIAAAAAAAAAAAAAAAAAAABKAwAAAQBTAHQAcgBpAG4AZwBGAGkAbABlAEkAbgBmAG8AAAAmAwAAAQAwADQAMAA5ADAANABFADQAAABMABYAAQBDAG8AbQBwAGEAbgB5AE4AYQBtAGUAAAAAAE0AaQBjAHIAbwBzAG8AZgB0ACAAQwBvAHIAcABvAHIAYQB0AGkAbwBuAAAAYAAcAAEARgBpAGwAZQBEAGUAcwBjAHIAaQBwAHQAaQBvAG4AAAAAAFMAeQBzAHQAZQBtAC4AVABoAHIAZQBhAGQAaQBuAGcALgBPAHYAZQByAGwAYQBwAHAAZQBkAAAAZgAjAAEARgBpAGwAZQBWAGUAcgBzAGkAbwBuAAAAAAA0AC4ANgAuADIAMwAxADIAMwAuADAAMAAgAGIAdQBpAGwAdAAgAGIAeQA6ACAAUABSAE8ASgBFAEMAVABLAFIARQBMAAAAAABYABwAAQBJAG4AdABlAHIAbgBhAGwATgBhAG0AZQAAAFMAeQBzAHQAZQBtAC4AVABoAHIAZQBhAGQAaQBuAGcALgBPAHYAZQByAGwAYQBwAHAAZQBkAAAAggAvAAEATABlAGcAYQBsAEMAbwBwAHkAcgBpAGcAaAB0AAAAqQAgAE0AaQBjAHIAbwBzAG8AZgB0ACAAQwBvAHIAcABvAHIAYQB0AGkAbwBuAC4AIAAgAEEAbABsACAAcgBpAGcAaAB0AHMAIAByAGUAcwBlAHIAdgBlAGQALgAAAAAAYAAcAAEATwByAGkAZwBpAG4AYQBsAEYAaQBsAGUAbgBhAG0AZQAAAFMAeQBzAHQAZQBtAC4AVABoAHIAZQBhAGQAaQBuAGcALgBPAHYAZQByAGwAYQBwAHAAZQBkAAAAVAAaAAEAUAByAG8AZAB1AGMAdABOAGEAbQBlAAAAAABNAGkAYwByAG8AcwBvAGYAdACuACAALgBOAEUAVAAgAEYAcgBhAG0AZQB3AG8AcgBrAAAAagAjAAEAUAByAG8AZAB1AGMAdABWAGUAcgBzAGkAbwBuAAAANAAuADYALgAyADMAMQAyADMALgAwADAAIABiAHUAaQBsAHQAIABiAHkAOgAgAFAAUgBPAEoARQBDAFQASwBSAEUATAAAAAAARAAAAAEAVgBhAHIARgBpAGwAZQBJAG4AZgBvAAAAAAAkAAQAAABUAHIAYQBuAHMAbABhAHQAaQBvAG4AAAAAAAkE5AQ=","PDBNotPresent","","v4.0.30319"
"System.IO.FileSystem.Primitives, Version=4.0.0.0, Culture=neutral, PublicKeyToken=b03f5f7f11d50a3a","","1437623910","fAQ0AAAAVgBTAF8AVgBFAFIAUwBJAE8ATgBfAEkATgBGAE8AAAAAAL0E7/4AAAEABgAEAAAAU1oAAAAAAAAAAD8AAAAAAAAABAAAAAIAAAAAAAAAAAAAAAAAAABEAAAAAQBWAGEAcgBGAGkAbABlAEkAbgBmAG8AAAAAACQABAAAAFQAcgBhAG4AcwBsAGEAdABpAG8AbgAAAAAAAACwBNwDAAABAFMAdAByAGkAbgBnAEYAaQBsAGUASQBuAGYAbwAAALgDAAABADAAMAAwADAAMAA0AGIAMAAAAFgAIAABAEMAbwBtAG0AZQBuAHQAcwAAAFMAeQBzAHQAZQBtAC4ASQBPAC4ARgBpAGwAZQBTAHkAcwB0AGUAbQAuAFAAcgBpAG0AaQB0AGkAdgBlAHMAAABMABYAAQBDAG8AbQBwAGEAbgB5AE4AYQBtAGUAAAAAAE0AaQBjAHIAbwBzAG8AZgB0ACAAQwBvAHIAcABvAHIAYQB0AGkAbwBuAAAAaAAgAAEARgBpAGwAZQBEAGUAcwBjAHIAaQBwAHQAaQBvAG4AAAAAAFMAeQBzAHQAZQBtAC4ASQBPAC4ARgBpAGwAZQBTAHkAcwB0AGUAbQAuAFAAcgBpAG0AaQB0AGkAdgBlAHMAAAA6AA0AAQBGAGkAbABlAFYAZQByAHMAaQBvAG4AAAAAADQALgA2AC4AMgAzADEAMgAzAC4AMAAwAAAAAABoACQAAQBJAG4AdABlAHIAbgBhAGwATgBhAG0AZQAAAFMAeQBzAHQAZQBtAC4ASQBPAC4ARgBpAGwAZQBTAHkAcwB0AGUAbQAuAFAAcgBpAG0AaQB0AGkAdgBlAHMALgBkAGwAbAAAAIIALwABAEwAZQBnAGEAbABDAG8AcAB5AHIAaQBnAGgAdAAAAKkAIABNAGkAYwByAG8AcwBvAGYAdAAgAEMAbwByAHAAbwByAGEAdABpAG8AbgAuACAAIABBAGwAbAAgAHIAaQBnAGgAdABzACAAcgBlAHMAZQByAHYAZQBkAC4AAAAAAHAAJAABAE8AcgBpAGcAaQBuAGEAbABGAGkAbABlAG4AYQBtAGUAAABTAHkAcwB0AGUAbQAuAEkATwAuAEYAaQBsAGUAUwB5AHMAdABlAG0ALgBQAHIAaQBtAGkAdABpAHYAZQBzAC4AZABsAGwAAABUABoAAQBQAHIAbwBkAHUAYwB0AE4AYQBtAGUAAAAAAE0AaQBjAHIAbwBzAG8AZgB0AK4AIAAuAE4ARQBUACAARgByAGEAbQBlAHcAbwByAGsAAABwACYAAQBQAHIAbwBkAHUAYwB0AFYAZQByAHMAaQBvAG4AAAA0AC4ANgAuADIAMwAxADIAMwAuADAAMAAgAGIAdQBpAGwAdAAgAGIAeQA6ACAARABEAEIATABEADYANQA3AEMALQBkAGwAYQBiAAAAOAAIAAEAQQBzAHMAZQBtAGIAbAB5ACAAVgBlAHIAcwBpAG8AbgAAADQALgAwAC4AMAAuADAAAAA=","PDBNotPresent","","v4.0.30319"
"System.Globalization.Extensions, Version=4.0.0.0, Culture=neutral, PublicKeyToken=b03f5f7f11d50a3a","","1437623905","fAQ0AAAAVgBTAF8AVgBFAFIAUwBJAE8ATgBfAEkATgBGAE8AAAAAAL0E7/4AAAEABgAEAAAAU1oAAAAAAAAAAD8AAAAAAAAABAAAAAIAAAAAAAAAAAAAAAAAAABEAAAAAQBWAGEAcgBGAGkAbABlAEkAbgBmAG8AAAAAACQABAAAAFQAcgBhAG4AcwBsAGEAdABpAG8AbgAAAAAAAACwBNwDAAABAFMAdAByAGkAbgBnAEYAaQBsAGUASQBuAGYAbwAAALgDAAABADAAMAAwADAAMAA0AGIAMAAAAFgAIAABAEMAbwBtAG0AZQBuAHQAcwAAAFMAeQBzAHQAZQBtAC4ARwBsAG8AYgBhAGwAaQB6AGEAdABpAG8AbgAuAEUAeAB0AGUAbgBzAGkAbwBuAHMAAABMABYAAQBDAG8AbQBwAGEAbgB5AE4AYQBtAGUAAAAAAE0AaQBjAHIAbwBzAG8AZgB0ACAAQwBvAHIAcABvAHIAYQB0AGkAbwBuAAAAaAAgAAEARgBpAGwAZQBEAGUAcwBjAHIAaQBwAHQAaQBvAG4AAAAAAFMAeQBzAHQAZQBtAC4ARwBsAG8AYgBhAGwAaQB6AGEAdABpAG8AbgAuAEUAeAB0AGUAbgBzAGkAbwBuAHMAAAA6AA0AAQBGAGkAbABlAFYAZQByAHMAaQBvAG4AAAAAADQALgA2AC4AMgAzADEAMgAzAC4AMAAwAAAAAABoACQAAQBJAG4AdABlAHIAbgBhAGwATgBhAG0AZQAAAFMAeQBzAHQAZQBtAC4ARwBsAG8AYgBhAGwAaQB6AGEAdABpAG8AbgAuAEUAeAB0AGUAbgBzAGkAbwBuAHMALgBkAGwAbAAAAIIALwABAEwAZQBnAGEAbABDAG8AcAB5AHIAaQBnAGgAdAAAAKkAIABNAGkAYwByAG8AcwBvAGYAdAAgAEMAbwByAHAAbwByAGEAdABpAG8AbgAuACAAIABBAGwAbAAgAHIAaQBnAGgAdABzACAAcgBlAHMAZQByAHYAZQBkAC4AAAAAAHAAJAABAE8AcgBpAGcAaQBuAGEAbABGAGkAbABlAG4AYQBtAGUAAABTAHkAcwB0AGUAbQAuAEcAbABvAGIAYQBsAGkAegBhAHQAaQBvAG4ALgBFAHgAdABlAG4AcwBpAG8AbgBzAC4AZABsAGwAAABUABoAAQBQAHIAbwBkAHUAYwB0AE4AYQBtAGUAAAAAAE0AaQBjAHIAbwBzAG8AZgB0AK4AIAAuAE4ARQBUACAARgByAGEAbQBlAHcAbwByAGsAAABwACYAAQBQAHIAbwBkAHUAYwB0AFYAZQByAHMAaQBvAG4AAAA0AC4ANgAuADIAMwAxADIAMwAuADAAMAAgAGIAdQBpAGwAdAAgAGIAeQA6ACAARABEAEIATABEADYANQA3AEMALQBkAGwAYQBiAAAAOAAIAAEAQQBzAHMAZQBtAGIAbAB5ACAAVgBlAHIAcwBpAG8AbgAAADQALgAwAC4AMAAuADAAAAA=","PDBNotPresent","","v4.0.30319"
"System.Private.PortableThunks, Version=4.0.0.0, Culture=neutral, PublicKeyToken=b03f5f7f11d50a3a","","1444711942","+AM0AAAAVgBTAF8AVgBFAFIAUwBJAE8ATgBfAEkATgBGAE8AAAAAAL0E7/4AAAEABgAEAAAAdVsGAAQAAAB1Wz8AAAAAAAAABAAAAAIAAAAAAAAAAAAAAAAAAABWAwAAAQBTAHQAcgBpAG4AZwBGAGkAbABlAEkAbgBmAG8AAAAyAwAAAQAwADQAMAA5ADAANABFADQAAABMABYAAQBDAG8AbQBwAGEAbgB5AE4AYQBtAGUAAAAAAE0AaQBjAHIAbwBzAG8AZgB0ACAAQwBvAHIAcABvAHIAYQB0AGkAbwBuAAAAZAAeAAEARgBpAGwAZQBEAGUAcwBjAHIAaQBwAHQAaQBvAG4AAAAAAFMAeQBzAHQAZQBtAC4AUAByAGkAdgBhAHQAZQAuAFAAbwByAHQAYQBiAGwAZQBUAGgAdQBuAGsAcwAAAGYAIwABAEYAaQBsAGUAVgBlAHIAcwBpAG8AbgAAAAAANAAuADYALgAyADMANAAxADMALgAwADAAIABiAHUAaQBsAHQAIABiAHkAOgAgAFAAUgBPAEoARQBDAFQATgBSAEUATAAAAAAAXAAeAAEASQBuAHQAZQByAG4AYQBsAE4AYQBtAGUAAABTAHkAcwB0AGUAbQAuAFAAcgBpAHYAYQB0AGUALgBQAG8AcgB0AGEAYgBsAGUAVABoAHUAbgBrAHMAAACCAC8AAQBMAGUAZwBhAGwAQwBvAHAAeQByAGkAZwBoAHQAAACpACAATQBpAGMAcgBvAHMAbwBmAHQAIABDAG8AcgBwAG8AcgBhAHQAaQBvAG4ALgAgACAAQQBsAGwAIAByAGkAZwBoAHQAcwAgAHIAZQBzAGUAcgB2AGUAZAAuAAAAAABkAB4AAQBPAHIAaQBnAGkAbgBhAGwARgBpAGwAZQBuAGEAbQBlAAAAUwB5AHMAdABlAG0ALgBQAHIAaQB2AGEAdABlAC4AUABvAHIAdABhAGIAbABlAFQAaAB1AG4AawBzAAAAVAAaAAEAUAByAG8AZAB1AGMAdABOAGEAbQBlAAAAAABNAGkAYwByAG8AcwBvAGYAdACuACAALgBOAEUAVAAgAEYAcgBhAG0AZQB3AG8AcgBrAAAAagAjAAEAUAByAG8AZAB1AGMAdABWAGUAcgBzAGkAbwBuAAAANAAuADYALgAyADMANAAxADMALgAwADAAIABiAHUAaQBsAHQAIABiAHkAOgAgAFAAUgBPAEoARQBDAFQATgBSAEUATAAAAAAARAAAAAEAVgBhAHIARgBpAGwAZQBJAG4AZgBvAAAAAAAkAAQAAABUAHIAYQBuAHMAbABhAHQAaQBvAG4AAAAAAAkE5AQ=","PDBPresent","","v4.0.30319"
"System.Diagnostics.StackTrace, Version=4.0.0.0, Culture=neutral, PublicKeyToken=b03f5f7f11d50a3a","","1437623944","+AM0AAAAVgBTAF8AVgBFAFIAUwBJAE8ATgBfAEkATgBGAE8AAAAAAL0E7/4AAAEABgAEAAAAU1oGAAQAAABTWj8AAAAAAAAABAAAAAIAAAAAAAAAAAAAAAAAAABWAwAAAQBTAHQAcgBpAG4AZwBGAGkAbABlAEkAbgBmAG8AAAAyAwAAAQAwADQAMAA5ADAANABFADQAAABMABYAAQBDAG8AbQBwAGEAbgB5AE4AYQBtAGUAAAAAAE0AaQBjAHIAbwBzAG8AZgB0ACAAQwBvAHIAcABvAHIAYQB0AGkAbwBuAAAAZAAeAAEARgBpAGwAZQBEAGUAcwBjAHIAaQBwAHQAaQBvAG4AAAAAAFMAeQBzAHQAZQBtAC4ARABpAGEAZwBuAG8AcwB0AGkAYwBzAC4AUwB0AGEAYwBrAFQAcgBhAGMAZQAAAGYAIwABAEYAaQBsAGUAVgBlAHIAcwBpAG8AbgAAAAAANAAuADYALgAyADMAMQAyADMALgAwADAAIABiAHUAaQBsAHQAIABiAHkAOgAgAFAAUgBPAEoARQBDAFQASwBSAEUATAAAAAAAXAAeAAEASQBuAHQAZQByAG4AYQBsAE4AYQBtAGUAAABTAHkAcwB0AGUAbQAuAEQAaQBhAGcAbgBvAHMAdABpAGMAcwAuAFMAdABhAGMAawBUAHIAYQBjAGUAAACCAC8AAQBMAGUAZwBhAGwAQwBvAHAAeQByAGkAZwBoAHQAAACpACAATQBpAGMAcgBvAHMAbwBmAHQAIABDAG8AcgBwAG8AcgBhAHQAaQBvAG4ALgAgACAAQQBsAGwAIAByAGkAZwBoAHQAcwAgAHIAZQBzAGUAcgB2AGUAZAAuAAAAAABkAB4AAQBPAHIAaQBnAGkAbgBhAGwARgBpAGwAZQBuAGEAbQBlAAAAUwB5AHMAdABlAG0ALgBEAGkAYQBnAG4AbwBzAHQAaQBjAHMALgBTAHQAYQBjAGsAVAByAGEAYwBlAAAAVAAaAAEAUAByAG8AZAB1AGMAdABOAGEAbQBlAAAAAABNAGkAYwByAG8AcwBvAGYAdACuACAALgBOAEUAVAAgAEYAcgBhAG0AZQB3AG8AcgBrAAAAagAjAAEAUAByAG8AZAB1AGMAdABWAGUAcgBzAGkAbwBuAAAANAAuADYALgAyADMAMQAyADMALgAwADAAIABiAHUAaQBsAHQAIABiAHkAOgAgAFAAUgBPAEoARQBDAFQASwBSAEUATAAAAAAARAAAAAEAVgBhAHIARgBpAGwAZQBJAG4AZgBvAAAAAAAkAAQAAABUAHIAYQBuAHMAbABhAHQAaQBvAG4AAAAAAAkE5AQ=","PDBNotPresent","","v4.0.30319"
"System.IO.IsolatedStorage, Version=4.0.0.0, Culture=neutral, PublicKeyToken=b03f5f7f11d50a3a","","1437623912","4AM0AAAAVgBTAF8AVgBFAFIAUwBJAE8ATgBfAEkATgBGAE8AAAAAAL0E7/4AAAEABgAEAAAAU1oGAAQAAABTWj8AAAAAAAAABAAAAAIAAAAAAAAAAAAAAAAAAAA+AwAAAQBTAHQAcgBpAG4AZwBGAGkAbABlAEkAbgBmAG8AAAAaAwAAAQAwADQAMAA5ADAANABFADQAAABMABYAAQBDAG8AbQBwAGEAbgB5AE4AYQBtAGUAAAAAAE0AaQBjAHIAbwBzAG8AZgB0ACAAQwBvAHIAcABvAHIAYQB0AGkAbwBuAAAAXAAaAAEARgBpAGwAZQBEAGUAcwBjAHIAaQBwAHQAaQBvAG4AAAAAAFMAeQBzAHQAZQBtAC4ASQBPAC4ASQBzAG8AbABhAHQAZQBkAFMAdABvAHIAYQBnAGUAAABmACMAAQBGAGkAbABlAFYAZQByAHMAaQBvAG4AAAAAADQALgA2AC4AMgAzADEAMgAzAC4AMAAwACAAYgB1AGkAbAB0ACAAYgB5ADoAIABQAFIATwBKAEUAQwBUAEsAUgBFAEwAAAAAAFQAGgABAEkAbgB0AGUAcgBuAGEAbABOAGEAbQBlAAAAUwB5AHMAdABlAG0ALgBJAE8ALgBJAHMAbwBsAGEAdABlAGQAUwB0AG8AcgBhAGcAZQAAAIIALwABAEwAZQBnAGEAbABDAG8AcAB5AHIAaQBnAGgAdAAAAKkAIABNAGkAYwByAG8AcwBvAGYAdAAgAEMAbwByAHAAbwByAGEAdABpAG8AbgAuACAAIABBAGwAbAAgAHIAaQBnAGgAdABzACAAcgBlAHMAZQByAHYAZQBkAC4AAAAAAFwAGgABAE8AcgBpAGcAaQBuAGEAbABGAGkAbABlAG4AYQBtAGUAAABTAHkAcwB0AGUAbQAuAEkATwAuAEkAcwBvAGwAYQB0AGUAZABTAHQAbwByAGEAZwBlAAAAVAAaAAEAUAByAG8AZAB1AGMAdABOAGEAbQBlAAAAAABNAGkAYwByAG8AcwBvAGYAdACuACAALgBOAEUAVAAgAEYAcgBhAG0AZQB3AG8AcgBrAAAAagAjAAEAUAByAG8AZAB1AGMAdABWAGUAcgBzAGkAbwBuAAAANAAuADYALgAyADMAMQAyADMALgAwADAAIABiAHUAaQBsAHQAIABiAHkAOgAgAFAAUgBPAEoARQBDAFQASwBSAEUATAAAAAAARAAAAAEAVgBhAHIARgBpAGwAZQBJAG4AZgBvAAAAAAAkAAQAAABUAHIAYQBuAHMAbABhAHQAaQBvAG4AAAAAAAkE5AQ=","PDBNotPresent","","v4.0.30319"
"System.IO.UnmanagedMemoryStream, Version=4.0.0.0, Culture=neutral, PublicKeyToken=b03f5f7f11d50a3a","","1437623915","fAQ0AAAAVgBTAF8AVgBFAFIAUwBJAE8ATgBfAEkATgBGAE8AAAAAAL0E7/4AAAEABgAEAAAAU1oAAAAAAAAAAD8AAAAAAAAABAAAAAIAAAAAAAAAAAAAAAAAAABEAAAAAQBWAGEAcgBGAGkAbABlAEkAbgBmAG8AAAAAACQABAAAAFQAcgBhAG4AcwBsAGEAdABpAG8AbgAAAAAAAACwBNwDAAABAFMAdAByAGkAbgBnAEYAaQBsAGUASQBuAGYAbwAAALgDAAABADAAMAAwADAAMAA0AGIAMAAAAFgAIAABAEMAbwBtAG0AZQBuAHQAcwAAAFMAeQBzAHQAZQBtAC4ASQBPAC4AVQBuAG0AYQBuAGEAZwBlAGQATQBlAG0AbwByAHkAUwB0AHIAZQBhAG0AAABMABYAAQBDAG8AbQBwAGEAbgB5AE4AYQBtAGUAAAAAAE0AaQBjAHIAbwBzAG8AZgB0ACAAQwBvAHIAcABvAHIAYQB0AGkAbwBuAAAAaAAgAAEARgBpAGwAZQBEAGUAcwBjAHIAaQBwAHQAaQBvAG4AAAAAAFMAeQBzAHQAZQBtAC4ASQBPAC4AVQBuAG0AYQBuAGEAZwBlAGQATQBlAG0AbwByAHkAUwB0AHIAZQBhAG0AAAA6AA0AAQBGAGkAbABlAFYAZQByAHMAaQBvAG4AAAAAADQALgA2AC4AMgAzADEAMgAzAC4AMAAwAAAAAABoACQAAQBJAG4AdABlAHIAbgBhAGwATgBhAG0AZQAAAFMAeQBzAHQAZQBtAC4ASQBPAC4AVQBuAG0AYQBuAGEAZwBlAGQATQBlAG0AbwByAHkAUwB0AHIAZQBhAG0ALgBkAGwAbAAAAIIALwABAEwAZQBnAGEAbABDAG8AcAB5AHIAaQBnAGgAdAAAAKkAIABNAGkAYwByAG8AcwBvAGYAdAAgAEMAbwByAHAAbwByAGEAdABpAG8AbgAuACAAIABBAGwAbAAgAHIAaQBnAGgAdABzACAAcgBlAHMAZQByAHYAZQBkAC4AAAAAAHAAJAABAE8AcgBpAGcAaQBuAGEAbABGAGkAbABlAG4AYQBtAGUAAABTAHkAcwB0AGUAbQAuAEkATwAuAFUAbgBtAGEAbgBhAGcAZQBkAE0AZQBtAG8AcgB5AFMAdAByAGUAYQBtAC4AZABsAGwAAABUABoAAQBQAHIAbwBkAHUAYwB0AE4AYQBtAGUAAAAAAE0AaQBjAHIAbwBzAG8AZgB0AK4AIAAuAE4ARQBUACAARgByAGEAbQBlAHcAbwByAGsAAABwACYAAQBQAHIAbwBkAHUAYwB0AFYAZQByAHMAaQBvAG4AAAA0AC4ANgAuADIAMwAxADIAMwAuADAAMAAgAGIAdQBpAGwAdAAgAGIAeQA6ACAARABEAEIATABEADYANQA3AEMALQBkAGwAYQBiAAAAOAAIAAEAQQBzAHMAZQBtAGIAbAB5ACAAVgBlAHIAcwBpAG8AbgAAADQALgAwAC4AMAAuADAAAAA=","PDBNotPresent","","v4.0.30319"
"System.ComponentModel, Version=4.0.0.0, Culture=neutral, PublicKeyToken=b03f5f7f11d50a3a","","1437623892","LAQ0AAAAVgBTAF8AVgBFAFIAUwBJAE8ATgBfAEkATgBGAE8AAAAAAL0E7/4AAAEABgAEAAAAU1oAAAAAAAAAAD8AAAAAAAAABAAAAAIAAAAAAAAAAAAAAAAAAABEAAAAAQBWAGEAcgBGAGkAbABlAEkAbgBmAG8AAAAAACQABAAAAFQAcgBhAG4AcwBsAGEAdABpAG8AbgAAAAAAAACwBIwDAAABAFMAdAByAGkAbgBnAEYAaQBsAGUASQBuAGYAbwAAAGgDAAABADAAMAAwADAAMAA0AGIAMAAAAEQAFgABAEMAbwBtAG0AZQBuAHQAcwAAAFMAeQBzAHQAZQBtAC4AQwBvAG0AcABvAG4AZQBuAHQATQBvAGQAZQBsAAAATAAWAAEAQwBvAG0AcABhAG4AeQBOAGEAbQBlAAAAAABNAGkAYwByAG8AcwBvAGYAdAAgAEMAbwByAHAAbwByAGEAdABpAG8AbgAAAFQAFgABAEYAaQBsAGUARABlAHMAYwByAGkAcAB0AGkAbwBuAAAAAABTAHkAcwB0AGUAbQAuAEMAbwBtAHAAbwBuAGUAbgB0AE0AbwBkAGUAbAAAADoADQABAEYAaQBsAGUAVgBlAHIAcwBpAG8AbgAAAAAANAAuADYALgAyADMAMQAyADMALgAwADAAAAAAAFQAGgABAEkAbgB0AGUAcgBuAGEAbABOAGEAbQBlAAAAUwB5AHMAdABlAG0ALgBDAG8AbQBwAG8AbgBlAG4AdABNAG8AZABlAGwALgBkAGwAbAAAAIIALwABAEwAZQBnAGEAbABDAG8AcAB5AHIAaQBnAGgAdAAAAKkAIABNAGkAYwByAG8AcwBvAGYAdAAgAEMAbwByAHAAbwByAGEAdABpAG8AbgAuACAAIABBAGwAbAAgAHIAaQBnAGgAdABzACAAcgBlAHMAZQByAHYAZQBkAC4AAAAAAFwAGgABAE8AcgBpAGcAaQBuAGEAbABGAGkAbABlAG4AYQBtAGUAAABTAHkAcwB0AGUAbQAuAEMAbwBtAHAAbwBuAGUAbgB0AE0AbwBkAGUAbAAuAGQAbABsAAAAVAAaAAEAUAByAG8AZAB1AGMAdABOAGEAbQBlAAAAAABNAGkAYwByAG8AcwBvAGYAdACuACAALgBOAEUAVAAgAEYAcgBhAG0AZQB3AG8AcgBrAAAAcAAmAAEAUAByAG8AZAB1AGMAdABWAGUAcgBzAGkAbwBuAAAANAAuADYALgAyADMAMQAyADMALgAwADAAIABiAHUAaQBsAHQAIABiAHkAOgAgAEQARABCAEwARAA2ADUANwBDAC0AZABsAGEAYgAAADgACAABAEEAcwBzAGUAbQBiAGwAeQAgAFYAZQByAHMAaQBvAG4AAAA0AC4AMAAuADAALgAwAAAA","PDBNotPresent","","v4.0.30319"
"System.Security.Claims, Version=4.0.0.0, Culture=neutral, PublicKeyToken=b03f5f7f11d50a3a","","1437623963","1AM0AAAAVgBTAF8AVgBFAFIAUwBJAE8ATgBfAEkATgBGAE8AAAAAAL0E7/4AAAEABgAEAAAAU1oGAAQAAABTWj8AAAAAAAAABAAAAAIAAAAAAAAAAAAAAAAAAAAyAwAAAQBTAHQAcgBpAG4AZwBGAGkAbABlAEkAbgBmAG8AAAAOAwAAAQAwADQAMAA5ADAANABFADQAAABMABYAAQBDAG8AbQBwAGEAbgB5AE4AYQBtAGUAAAAAAE0AaQBjAHIAbwBzAG8AZgB0ACAAQwBvAHIAcABvAHIAYQB0AGkAbwBuAAAAVgAXAAEARgBpAGwAZQBEAGUAcwBjAHIAaQBwAHQAaQBvAG4AAAAAAFMAeQBzAHQAZQBtAC4AUwBlAGMAdQByAGkAdAB5AC4AQwBsAGEAaQBtAHMAAAAAAGYAIwABAEYAaQBsAGUAVgBlAHIAcwBpAG8AbgAAAAAANAAuADYALgAyADMAMQAyADMALgAwADAAIABiAHUAaQBsAHQAIABiAHkAOgAgAFAAUgBPAEoARQBDAFQASwBSAEUATAAAAAAATgAXAAEASQBuAHQAZQByAG4AYQBsAE4AYQBtAGUAAABTAHkAcwB0AGUAbQAuAFMAZQBjAHUAcgBpAHQAeQAuAEMAbABhAGkAbQBzAAAAAACCAC8AAQBMAGUAZwBhAGwAQwBvAHAAeQByAGkAZwBoAHQAAACpACAATQBpAGMAcgBvAHMAbwBmAHQAIABDAG8AcgBwAG8AcgBhAHQAaQBvAG4ALgAgACAAQQBsAGwAIAByAGkAZwBoAHQAcwAgAHIAZQBzAGUAcgB2AGUAZAAuAAAAAABWABcAAQBPAHIAaQBnAGkAbgBhAGwARgBpAGwAZQBuAGEAbQBlAAAAUwB5AHMAdABlAG0ALgBTAGUAYwB1AHIAaQB0AHkALgBDAGwAYQBpAG0AcwAAAAAAVAAaAAEAUAByAG8AZAB1AGMAdABOAGEAbQBlAAAAAABNAGkAYwByAG8AcwBvAGYAdACuACAALgBOAEUAVAAgAEYAcgBhAG0AZQB3AG8AcgBrAAAAagAjAAEAUAByAG8AZAB1AGMAdABWAGUAcgBzAGkAbwBuAAAANAAuADYALgAyADMAMQAyADMALgAwADAAIABiAHUAaQBsAHQAIABiAHkAOgAgAFAAUgBPAEoARQBDAFQASwBSAEUATAAAAAAARAAAAAEAVgBhAHIARgBpAGwAZQBJAG4AZgBvAAAAAAAkAAQAAABUAHIAYQBuAHMAbABhAHQAaQBvAG4AAAAAAAkE5AQ=","PDBNotPresent","","v4.0.30319"
"System.Security.Principal, Version=4.0.0.0, Culture=neutral, PublicKeyToken=b03f5f7f11d50a3a","","1437623977","4AM0AAAAVgBTAF8AVgBFAFIAUwBJAE8ATgBfAEkATgBGAE8AAAAAAL0E7/4AAAEABgAEAAAAU1oGAAQAAABTWj8AAAAAAAAABAAAAAIAAAAAAAAAAAAAAAAAAAA+AwAAAQBTAHQAcgBpAG4AZwBGAGkAbABlAEkAbgBmAG8AAAAaAwAAAQAwADQAMAA5ADAANABFADQAAABMABYAAQBDAG8AbQBwAGEAbgB5AE4AYQBtAGUAAAAAAE0AaQBjAHIAbwBzAG8AZgB0ACAAQwBvAHIAcABvAHIAYQB0AGkAbwBuAAAAXAAaAAEARgBpAGwAZQBEAGUAcwBjAHIAaQBwAHQAaQBvAG4AAAAAAFMAeQBzAHQAZQBtAC4AUwBlAGMAdQByAGkAdAB5AC4AUAByAGkAbgBjAGkAcABhAGwAAABmACMAAQBGAGkAbABlAFYAZQByAHMAaQBvAG4AAAAAADQALgA2AC4AMgAzADEAMgAzAC4AMAAwACAAYgB1AGkAbAB0ACAAYgB5ADoAIABQAFIATwBKAEUAQwBUAEsAUgBFAEwAAAAAAFQAGgABAEkAbgB0AGUAcgBuAGEAbABOAGEAbQBlAAAAUwB5AHMAdABlAG0ALgBTAGUAYwB1AHIAaQB0AHkALgBQAHIAaQBuAGMAaQBwAGEAbAAAAIIALwABAEwAZQBnAGEAbABDAG8AcAB5AHIAaQBnAGgAdAAAAKkAIABNAGkAYwByAG8AcwBvAGYAdAAgAEMAbwByAHAAbwByAGEAdABpAG8AbgAuACAAIABBAGwAbAAgAHIAaQBnAGgAdABzACAAcgBlAHMAZQByAHYAZQBkAC4AAAAAAFwAGgABAE8AcgBpAGcAaQBuAGEAbABGAGkAbABlAG4AYQBtAGUAAABTAHkAcwB0AGUAbQAuAFMAZQBjAHUAcgBpAHQAeQAuAFAAcgBpAG4AYwBpAHAAYQBsAAAAVAAaAAEAUAByAG8AZAB1AGMAdABOAGEAbQBlAAAAAABNAGkAYwByAG8AcwBvAGYAdACuACAALgBOAEUAVAAgAEYAcgBhAG0AZQB3AG8AcgBrAAAAagAjAAEAUAByAG8AZAB1AGMAdABWAGUAcgBzAGkAbwBuAAAANAAuADYALgAyADMAMQAyADMALgAwADAAIABiAHUAaQBsAHQAIABiAHkAOgAgAFAAUgBPAEoARQBDAFQASwBSAEUATAAAAAAARAAAAAEAVgBhAHIARgBpAGwAZQBJAG4AZgBvAAAAAAAkAAQAAABUAHIAYQBuAHMAbABhAHQAaQBvAG4AAAAAAAkE5AQ=","PDBNotPresent","","v4.0.30319"
"System.Threading.Tasks.Parallel, Version=4.0.0.0, Culture=neutral, PublicKeyToken=b03f5f7f11d50a3a","","1437623986","fAQ0AAAAVgBTAF8AVgBFAFIAUwBJAE8ATgBfAEkATgBGAE8AAAAAAL0E7/4AAAEABgAEAAAAU1oAAAAAAAAAAD8AAAAAAAAABAAAAAIAAAAAAAAAAAAAAAAAAABEAAAAAQBWAGEAcgBGAGkAbABlAEkAbgBmAG8AAAAAACQABAAAAFQAcgBhAG4AcwBsAGEAdABpAG8AbgAAAAAAAACwBNwDAAABAFMAdAByAGkAbgBnAEYAaQBsAGUASQBuAGYAbwAAALgDAAABADAAMAAwADAAMAA0AGIAMAAAAFgAIAABAEMAbwBtAG0AZQBuAHQAcwAAAFMAeQBzAHQAZQBtAC4AVABoAHIAZQBhAGQAaQBuAGcALgBUAGEAcwBrAHMALgBQAGEAcgBhAGwAbABlAGwAAABMABYAAQBDAG8AbQBwAGEAbgB5AE4AYQBtAGUAAAAAAE0AaQBjAHIAbwBzAG8AZgB0ACAAQwBvAHIAcABvAHIAYQB0AGkAbwBuAAAAaAAgAAEARgBpAGwAZQBEAGUAcwBjAHIAaQBwAHQAaQBvAG4AAAAAAFMAeQBzAHQAZQBtAC4AVABoAHIAZQBhAGQAaQBuAGcALgBUAGEAcwBrAHMALgBQAGEAcgBhAGwAbABlAGwAAAA6AA0AAQBGAGkAbABlAFYAZQByAHMAaQBvAG4AAAAAADQALgA2AC4AMgAzADEAMgAzAC4AMAAwAAAAAABoACQAAQBJAG4AdABlAHIAbgBhAGwATgBhAG0AZQAAAFMAeQBzAHQAZQBtAC4AVABoAHIAZQBhAGQAaQBuAGcALgBUAGEAcwBrAHMALgBQAGEAcgBhAGwAbABlAGwALgBkAGwAbAAAAIIALwABAEwAZQBnAGEAbABDAG8AcAB5AHIAaQBnAGgAdAAAAKkAIABNAGkAYwByAG8AcwBvAGYAdAAgAEMAbwByAHAAbwByAGEAdABpAG8AbgAuACAAIABBAGwAbAAgAHIAaQBnAGgAdABzACAAcgBlAHMAZQByAHYAZQBkAC4AAAAAAHAAJAABAE8AcgBpAGcAaQBuAGEAbABGAGkAbABlAG4AYQBtAGUAAABTAHkAcwB0AGUAbQAuAFQAaAByAGUAYQBkAGkAbgBnAC4AVABhAHMAawBzAC4AUABhAHIAYQBsAGwAZQBsAC4AZABsAGwAAABUABoAAQBQAHIAbwBkAHUAYwB0AE4AYQBtAGUAAAAAAE0AaQBjAHIAbwBzAG8AZgB0AK4AIAAuAE4ARQBUACAARgByAGEAbQBlAHcAbwByAGsAAABwACYAAQBQAHIAbwBkAHUAYwB0AFYAZQByAHMAaQBvAG4AAAA0AC4ANgAuADIAMwAxADIAMwAuADAAMAAgAGIAdQBpAGwAdAAgAGIAeQA6ACAARABEAEIATABEADYANQA3AEMALQBkAGwAYQBiAAAAOAAIAAEAQQBzAHMAZQBtAGIAbAB5ACAAVgBlAHIAcwBpAG8AbgAAADQALgAwAC4AMAAuADAAAAA=","PDBNotPresent","","v4.0.30319"
"System.Private.DeveloperExperience.AppX, Version=4.0.0.0, Culture=neutral, PublicKeyToken=b03f5f7f11d50a3a","","1444711955","NAQ0AAAAVgBTAF8AVgBFAFIAUwBJAE8ATgBfAEkATgBGAE8AAAAAAL0E7/4AAAEABgAEAAAAdVsGAAQAAAB1Wz8AAAAAAAAABAAAAAIAAAAAAAAAAAAAAAAAAACSAwAAAQBTAHQAcgBpAG4AZwBGAGkAbABlAEkAbgBmAG8AAABuAwAAAQAwADQAMAA5ADAANABFADQAAABMABYAAQBDAG8AbQBwAGEAbgB5AE4AYQBtAGUAAAAAAE0AaQBjAHIAbwBzAG8AZgB0ACAAQwBvAHIAcABvAHIAYQB0AGkAbwBuAAAAeAAoAAEARgBpAGwAZQBEAGUAcwBjAHIAaQBwAHQAaQBvAG4AAAAAAFMAeQBzAHQAZQBtAC4AUAByAGkAdgBhAHQAZQAuAEQAZQB2AGUAbABvAHAAZQByAEUAeABwAGUAcgBpAGUAbgBjAGUALgBBAHAAcABYAAAAZgAjAAEARgBpAGwAZQBWAGUAcgBzAGkAbwBuAAAAAAA0AC4ANgAuADIAMwA0ADEAMwAuADAAMAAgAGIAdQBpAGwAdAAgAGIAeQA6ACAAUABSAE8ASgBFAEMAVABOAFIARQBMAAAAAABwACgAAQBJAG4AdABlAHIAbgBhAGwATgBhAG0AZQAAAFMAeQBzAHQAZQBtAC4AUAByAGkAdgBhAHQAZQAuAEQAZQB2AGUAbABvAHAAZQByAEUAeABwAGUAcgBpAGUAbgBjAGUALgBBAHAAcABYAAAAggAvAAEATABlAGcAYQBsAEMAbwBwAHkAcgBpAGcAaAB0AAAAqQAgAE0AaQBjAHIAbwBzAG8AZgB0ACAAQwBvAHIAcABvAHIAYQB0AGkAbwBuAC4AIAAgAEEAbABsACAAcgBpAGcAaAB0AHMAIAByAGUAcwBlAHIAdgBlAGQALgAAAAAAeAAoAAEATwByAGkAZwBpAG4AYQBsAEYAaQBsAGUAbgBhAG0AZQAAAFMAeQBzAHQAZQBtAC4AUAByAGkAdgBhAHQAZQAuAEQAZQB2AGUAbABvAHAAZQByAEUAeABwAGUAcgBpAGUAbgBjAGUALgBBAHAAcABYAAAAVAAaAAEAUAByAG8AZAB1AGMAdABOAGEAbQBlAAAAAABNAGkAYwByAG8AcwBvAGYAdACuACAALgBOAEUAVAAgAEYAcgBhAG0AZQB3AG8AcgBrAAAAagAjAAEAUAByAG8AZAB1AGMAdABWAGUAcgBzAGkAbwBuAAAANAAuADYALgAyADMANAAxADMALgAwADAAIABiAHUAaQBsAHQAIABiAHkAOgAgAFAAUgBPAEoARQBDAFQATgBSAEUATAAAAAAARAAAAAEAVgBhAHIARgBpAGwAZQBJAG4AZgBvAAAAAAAkAAQAAABUAHIAYQBuAHMAbABhAHQAaQBvAG4AAAAAAAkE5AQ=","PDBPresent","","v4.0.30319"
"System.Private.WinRTInterop.CoreLib, Version=4.0.0.0, Culture=neutral, PublicKeyToken=b77a5c561934e089","","1444711950","HAQ0AAAAVgBTAF8AVgBFAFIAUwBJAE8ATgBfAEkATgBGAE8AAAAAAL0E7/4AAAEABgAEAAAAdVsGAAQAAAB1Wz8AAAAAAAAABAAAAAIAAAAAAAAAAAAAAAAAAAB6AwAAAQBTAHQAcgBpAG4AZwBGAGkAbABlAEkAbgBmAG8AAABWAwAAAQAwADQAMAA5ADAANABFADQAAABMABYAAQBDAG8AbQBwAGEAbgB5AE4AYQBtAGUAAAAAAE0AaQBjAHIAbwBzAG8AZgB0ACAAQwBvAHIAcABvAHIAYQB0AGkAbwBuAAAAcAAkAAEARgBpAGwAZQBEAGUAcwBjAHIAaQBwAHQAaQBvAG4AAAAAAFMAeQBzAHQAZQBtAC4AUAByAGkAdgBhAHQAZQAuAFcAaQBuAFIAVABJAG4AdABlAHIAbwBwAC4AQwBvAHIAZQBMAGkAYgAAAGYAIwABAEYAaQBsAGUAVgBlAHIAcwBpAG8AbgAAAAAANAAuADYALgAyADMANAAxADMALgAwADAAIABiAHUAaQBsAHQAIABiAHkAOgAgAFAAUgBPAEoARQBDAFQATgBSAEUATAAAAAAAaAAkAAEASQBuAHQAZQByAG4AYQBsAE4AYQBtAGUAAABTAHkAcwB0AGUAbQAuAFAAcgBpAHYAYQB0AGUALgBXAGkAbgBSAFQASQBuAHQAZQByAG8AcAAuAEMAbwByAGUATABpAGIAAACCAC8AAQBMAGUAZwBhAGwAQwBvAHAAeQByAGkAZwBoAHQAAACpACAATQBpAGMAcgBvAHMAbwBmAHQAIABDAG8AcgBwAG8AcgBhAHQAaQBvAG4ALgAgACAAQQBsAGwAIAByAGkAZwBoAHQAcwAgAHIAZQBzAGUAcgB2AGUAZAAuAAAAAABwACQAAQBPAHIAaQBnAGkAbgBhAGwARgBpAGwAZQBuAGEAbQBlAAAAUwB5AHMAdABlAG0ALgBQAHIAaQB2AGEAdABlAC4AVwBpAG4AUgBUAEkAbgB0AGUAcgBvAHAALgBDAG8AcgBlAEwAaQBiAAAAVAAaAAEAUAByAG8AZAB1AGMAdABOAGEAbQBlAAAAAABNAGkAYwByAG8AcwBvAGYAdACuACAALgBOAEUAVAAgAEYAcgBhAG0AZQB3AG8AcgBrAAAAagAjAAEAUAByAG8AZAB1AGMAdABWAGUAcgBzAGkAbwBuAAAANAAuADYALgAyADMANAAxADMALgAwADAAIABiAHUAaQBsAHQAIABiAHkAOgAgAFAAUgBPAEoARQBDAFQATgBSAEUATAAAAAAARAAAAAEAVgBhAHIARgBpAGwAZQBJAG4AZgBvAAAAAAAkAAQAAABUAHIAYQBuAHMAbABhAHQAaQBvAG4AAAAAAAkE5AQ=","PDBPresent","","v4.0.30319"
"System.Text.Encoding.CodePages, Version=4.0.0.0, Culture=neutral, PublicKeyToken=b03f5f7f11d50a3a","","1437623984","fAQ0AAAAVgBTAF8AVgBFAFIAUwBJAE8ATgBfAEkATgBGAE8AAAAAAL0E7/4AAAEABgAEAAAAU1oAAAAAAAAAAD8AAAAAAAAABAAAAAIAAAAAAAAAAAAAAAAAAABEAAAAAQBWAGEAcgBGAGkAbABlAEkAbgBmAG8AAAAAACQABAAAAFQAcgBhAG4AcwBsAGEAdABpAG8AbgAAAAAAAACwBNwDAAABAFMAdAByAGkAbgBnAEYAaQBsAGUASQBuAGYAbwAAALgDAAABADAAMAAwADAAMAA0AGIAMAAAAFYAHwABAEMAbwBtAG0AZQBuAHQAcwAAAFMAeQBzAHQAZQBtAC4AVABlAHgAdAAuAEUAbgBjAG8AZABpAG4AZwAuAEMAbwBkAGUAUABhAGcAZQBzAAAAAABMABYAAQBDAG8AbQBwAGEAbgB5AE4AYQBtAGUAAAAAAE0AaQBjAHIAbwBzAG8AZgB0ACAAQwBvAHIAcABvAHIAYQB0AGkAbwBuAAAAZgAfAAEARgBpAGwAZQBEAGUAcwBjAHIAaQBwAHQAaQBvAG4AAAAAAFMAeQBzAHQAZQBtAC4AVABlAHgAdAAuAEUAbgBjAG8AZABpAG4AZwAuAEMAbwBkAGUAUABhAGcAZQBzAAAAAAA6AA0AAQBGAGkAbABlAFYAZQByAHMAaQBvAG4AAAAAADQALgA2AC4AMgAzADEAMgAzAC4AMAAwAAAAAABmACMAAQBJAG4AdABlAHIAbgBhAGwATgBhAG0AZQAAAFMAeQBzAHQAZQBtAC4AVABlAHgAdAAuAEUAbgBjAG8AZABpAG4AZwAuAEMAbwBkAGUAUABhAGcAZQBzAC4AZABsAGwAAAAAAIIALwABAEwAZQBnAGEAbABDAG8AcAB5AHIAaQBnAGgAdAAAAKkAIABNAGkAYwByAG8AcwBvAGYAdAAgAEMAbwByAHAAbwByAGEAdABpAG8AbgAuACAAIABBAGwAbAAgAHIAaQBnAGgAdABzACAAcgBlAHMAZQByAHYAZQBkAC4AAAAAAG4AIwABAE8AcgBpAGcAaQBuAGEAbABGAGkAbABlAG4AYQBtAGUAAABTAHkAcwB0AGUAbQAuAFQAZQB4AHQALgBFAG4AYwBvAGQAaQBuAGcALgBDAG8AZABlAFAAYQBnAGUAcwAuAGQAbABsAAAAAABUABoAAQBQAHIAbwBkAHUAYwB0AE4AYQBtAGUAAAAAAE0AaQBjAHIAbwBzAG8AZgB0AK4AIAAuAE4ARQBUACAARgByAGEAbQBlAHcAbwByAGsAAABwACYAAQBQAHIAbwBkAHUAYwB0AFYAZQByAHMAaQBvAG4AAAA0AC4ANgAuADIAMwAxADIAMwAuADAAMAAgAGIAdQBpAGwAdAAgAGIAeQA6ACAARABEAEIATABEADYANQA3AEMALQBkAGwAYQBiAAAAOAAIAAEAQQBzAHMAZQBtAGIAbAB5ACAAVgBlAHIAcwBpAG8AbgAAADQALgAwAC4AMAAuADAAAAA=","PDBNotPresent","","v4.0.30319"
"System.AppContext, Version=4.0.0.0, Culture=neutral, PublicKeyToken=b03f5f7f11d50a3a","","1437623883","sAM0AAAAVgBTAF8AVgBFAFIAUwBJAE8ATgBfAEkATgBGAE8AAAAAAL0E7/4AAAEABgAEAAAAU1oGAAQAAABTWj8AAAAAAAAABAAAAAIAAAAAAAAAAAAAAAAAAAAOAwAAAQBTAHQAcgBpAG4AZwBGAGkAbABlAEkAbgBmAG8AAADqAgAAAQAwADQAMAA5ADAANABFADQAAABMABYAAQBDAG8AbQBwAGEAbgB5AE4AYQBtAGUAAAAAAE0AaQBjAHIAbwBzAG8AZgB0ACAAQwBvAHIAcABvAHIAYQB0AGkAbwBuAAAATAASAAEARgBpAGwAZQBEAGUAcwBjAHIAaQBwAHQAaQBvAG4AAAAAAFMAeQBzAHQAZQBtAC4AQQBwAHAAQwBvAG4AdABlAHgAdAAAAGYAIwABAEYAaQBsAGUAVgBlAHIAcwBpAG8AbgAAAAAANAAuADYALgAyADMAMQAyADMALgAwADAAIABiAHUAaQBsAHQAIABiAHkAOgAgAFAAUgBPAEoARQBDAFQASwBSAEUATAAAAAAARAASAAEASQBuAHQAZQByAG4AYQBsAE4AYQBtAGUAAABTAHkAcwB0AGUAbQAuAEEAcABwAEMAbwBuAHQAZQB4AHQAAACCAC8AAQBMAGUAZwBhAGwAQwBvAHAAeQByAGkAZwBoAHQAAACpACAATQBpAGMAcgBvAHMAbwBmAHQAIABDAG8AcgBwAG8AcgBhAHQAaQBvAG4ALgAgACAAQQBsAGwAIAByAGkAZwBoAHQAcwAgAHIAZQBzAGUAcgB2AGUAZAAuAAAAAABMABIAAQBPAHIAaQBnAGkAbgBhAGwARgBpAGwAZQBuAGEAbQBlAAAAUwB5AHMAdABlAG0ALgBBAHAAcABDAG8AbgB0AGUAeAB0AAAAVAAaAAEAUAByAG8AZAB1AGMAdABOAGEAbQBlAAAAAABNAGkAYwByAG8AcwBvAGYAdACuACAALgBOAEUAVAAgAEYAcgBhAG0AZQB3AG8AcgBrAAAAagAjAAEAUAByAG8AZAB1AGMAdABWAGUAcgBzAGkAbwBuAAAANAAuADYALgAyADMAMQAyADMALgAwADAAIABiAHUAaQBsAHQAIABiAHkAOgAgAFAAUgBPAEoARQBDAFQASwBSAEUATAAAAAAARAAAAAEAVgBhAHIARgBpAGwAZQBJAG4AZgBvAAAAAAAkAAQAAABUAHIAYQBuAHMAbABhAHQAaQBvAG4AAAAAAAkE5AQ=","PDBNotPresent","","v4.0.30319"
"System.Runtime, Version=4.0.20.0, Culture=neutral, PublicKeyToken=b03f5f7f11d50a3a","","1437623932","pAM0AAAAVgBTAF8AVgBFAFIAUwBJAE8ATgBfAEkATgBGAE8AAAAAAL0E7/4AAAEABgAEAAAAU1oGAAQAAABTWj8AAAAAAAAABAAAAAIAAAAAAAAAAAAAAAAAAAACAwAAAQBTAHQAcgBpAG4AZwBGAGkAbABlAEkAbgBmAG8AAADeAgAAAQAwADQAMAA5ADAANABFADQAAABMABYAAQBDAG8AbQBwAGEAbgB5AE4AYQBtAGUAAAAAAE0AaQBjAHIAbwBzAG8AZgB0ACAAQwBvAHIAcABvAHIAYQB0AGkAbwBuAAAARgAPAAEARgBpAGwAZQBEAGUAcwBjAHIAaQBwAHQAaQBvAG4AAAAAAFMAeQBzAHQAZQBtAC4AUgB1AG4AdABpAG0AZQAAAAAAZgAjAAEARgBpAGwAZQBWAGUAcgBzAGkAbwBuAAAAAAA0AC4ANgAuADIAMwAxADIAMwAuADAAMAAgAGIAdQBpAGwAdAAgAGIAeQA6ACAAUABSAE8ASgBFAEMAVABLAFIARQBMAAAAAAA+AA8AAQBJAG4AdABlAHIAbgBhAGwATgBhAG0AZQAAAFMAeQBzAHQAZQBtAC4AUgB1AG4AdABpAG0AZQAAAAAAggAvAAEATABlAGcAYQBsAEMAbwBwAHkAcgBpAGcAaAB0AAAAqQAgAE0AaQBjAHIAbwBzAG8AZgB0ACAAQwBvAHIAcABvAHIAYQB0AGkAbwBuAC4AIAAgAEEAbABsACAAcgBpAGcAaAB0AHMAIAByAGUAcwBlAHIAdgBlAGQALgAAAAAARgAPAAEATwByAGkAZwBpAG4AYQBsAEYAaQBsAGUAbgBhAG0AZQAAAFMAeQBzAHQAZQBtAC4AUgB1AG4AdABpAG0AZQAAAAAAVAAaAAEAUAByAG8AZAB1AGMAdABOAGEAbQBlAAAAAABNAGkAYwByAG8AcwBvAGYAdACuACAALgBOAEUAVAAgAEYAcgBhAG0AZQB3AG8AcgBrAAAAagAjAAEAUAByAG8AZAB1AGMAdABWAGUAcgBzAGkAbwBuAAAANAAuADYALgAyADMAMQAyADMALgAwADAAIABiAHUAaQBsAHQAIABiAHkAOgAgAFAAUgBPAEoARQBDAFQASwBSAEUATAAAAAAARAAAAAEAVgBhAHIARgBpAGwAZQBJAG4AZgBvAAAAAAAkAAQAAABUAHIAYQBuAHMAbABhAHQAaQBvAG4AAAAAAAkE5AQ=","PDBNotPresent","","v4.0.30319"
"System.Numerics.Vectors, Version=4.1.0.0, Culture=neutral, PublicKeyToken=b03f5f7f11d50a3a","","1437623933","PAQ0AAAAVgBTAF8AVgBFAFIAUwBJAE8ATgBfAEkATgBGAE8AAAAAAL0E7/4AAAEABgAEAAAAU1oAAAAAAAAAAD8AAAAAAAAABAAAAAIAAAAAAAAAAAAAAAAAAABEAAAAAQBWAGEAcgBGAGkAbABlAEkAbgBmAG8AAAAAACQABAAAAFQAcgBhAG4AcwBsAGEAdABpAG8AbgAAAAAAAACwBJwDAAABAFMAdAByAGkAbgBnAEYAaQBsAGUASQBuAGYAbwAAAHgDAAABADAAMAAwADAAMAA0AGIAMAAAAEgAGAABAEMAbwBtAG0AZQBuAHQAcwAAAFMAeQBzAHQAZQBtAC4ATgB1AG0AZQByAGkAYwBzAC4AVgBlAGMAdABvAHIAcwAAAEwAFgABAEMAbwBtAHAAYQBuAHkATgBhAG0AZQAAAAAATQBpAGMAcgBvAHMAbwBmAHQAIABDAG8AcgBwAG8AcgBhAHQAaQBvAG4AAABYABgAAQBGAGkAbABlAEQAZQBzAGMAcgBpAHAAdABpAG8AbgAAAAAAUwB5AHMAdABlAG0ALgBOAHUAbQBlAHIAaQBjAHMALgBWAGUAYwB0AG8AcgBzAAAAOgANAAEARgBpAGwAZQBWAGUAcgBzAGkAbwBuAAAAAAA0AC4ANgAuADIAMwAxADIAMwAuADAAMAAAAAAAWAAcAAEASQBuAHQAZQByAG4AYQBsAE4AYQBtAGUAAABTAHkAcwB0AGUAbQAuAE4AdQBtAGUAcgBpAGMAcwAuAFYAZQBjAHQAbwByAHMALgBkAGwAbAAAAIIALwABAEwAZQBnAGEAbABDAG8AcAB5AHIAaQBnAGgAdAAAAKkAIABNAGkAYwByAG8AcwBvAGYAdAAgAEMAbwByAHAAbwByAGEAdABpAG8AbgAuACAAIABBAGwAbAAgAHIAaQBnAGgAdABzACAAcgBlAHMAZQByAHYAZQBkAC4AAAAAAGAAHAABAE8AcgBpAGcAaQBuAGEAbABGAGkAbABlAG4AYQBtAGUAAABTAHkAcwB0AGUAbQAuAE4AdQBtAGUAcgBpAGMAcwAuAFYAZQBjAHQAbwByAHMALgBkAGwAbAAAAFQAGgABAFAAcgBvAGQAdQBjAHQATgBhAG0AZQAAAAAATQBpAGMAcgBvAHMAbwBmAHQArgAgAC4ATgBFAFQAIABGAHIAYQBtAGUAdwBvAHIAawAAAHAAJgABAFAAcgBvAGQAdQBjAHQAVgBlAHIAcwBpAG8AbgAAADQALgA2AC4AMgAzADEAMgAzAC4AMAAwACAAYgB1AGkAbAB0ACAAYgB5ADoAIABEAEQAQgBMAEQANgA1ADcAQwAtAGQAbABhAGIAAAA4AAgAAQBBAHMAcwBlAG0AYgBsAHkAIABWAGUAcgBzAGkAbwBuAAAANAAuADEALgAwAC4AMAAAAA==","PDBNotPresent","","v4.0.30319"
"System.Runtime.Handles, Version=4.0.0.0, Culture=neutral, PublicKeyToken=b03f5f7f11d50a3a","","1437623962","1AM0AAAAVgBTAF8AVgBFAFIAUwBJAE8ATgBfAEkATgBGAE8AAAAAAL0E7/4AAAEABgAEAAAAU1oGAAQAAABTWj8AAAAAAAAABAAAAAIAAAAAAAAAAAAAAAAAAAAyAwAAAQBTAHQAcgBpAG4AZwBGAGkAbABlAEkAbgBmAG8AAAAOAwAAAQAwADQAMAA5ADAANABFADQAAABMABYAAQBDAG8AbQBwAGEAbgB5AE4AYQBtAGUAAAAAAE0AaQBjAHIAbwBzAG8AZgB0ACAAQwBvAHIAcABvAHIAYQB0AGkAbwBuAAAAVgAXAAEARgBpAGwAZQBEAGUAcwBjAHIAaQBwAHQAaQBvAG4AAAAAAFMAeQBzAHQAZQBtAC4AUgB1AG4AdABpAG0AZQAuAEgAYQBuAGQAbABlAHMAAAAAAGYAIwABAEYAaQBsAGUAVgBlAHIAcwBpAG8AbgAAAAAANAAuADYALgAyADMAMQAyADMALgAwADAAIABiAHUAaQBsAHQAIABiAHkAOgAgAFAAUgBPAEoARQBDAFQASwBSAEUATAAAAAAATgAXAAEASQBuAHQAZQByAG4AYQBsAE4AYQBtAGUAAABTAHkAcwB0AGUAbQAuAFIAdQBuAHQAaQBtAGUALgBIAGEAbgBkAGwAZQBzAAAAAACCAC8AAQBMAGUAZwBhAGwAQwBvAHAAeQByAGkAZwBoAHQAAACpACAATQBpAGMAcgBvAHMAbwBmAHQAIABDAG8AcgBwAG8AcgBhAHQAaQBvAG4ALgAgACAAQQBsAGwAIAByAGkAZwBoAHQAcwAgAHIAZQBzAGUAcgB2AGUAZAAuAAAAAABWABcAAQBPAHIAaQBnAGkAbgBhAGwARgBpAGwAZQBuAGEAbQBlAAAAUwB5AHMAdABlAG0ALgBSAHUAbgB0AGkAbQBlAC4ASABhAG4AZABsAGUAcwAAAAAAVAAaAAEAUAByAG8AZAB1AGMAdABOAGEAbQBlAAAAAABNAGkAYwByAG8AcwBvAGYAdACuACAALgBOAEUAVAAgAEYAcgBhAG0AZQB3AG8AcgBrAAAAagAjAAEAUAByAG8AZAB1AGMAdABWAGUAcgBzAGkAbwBuAAAANAAuADYALgAyADMAMQAyADMALgAwADAAIABiAHUAaQBsAHQAIABiAHkAOgAgAFAAUgBPAEoARQBDAFQASwBSAEUATAAAAAAARAAAAAEAVgBhAHIARgBpAGwAZQBJAG4AZgBvAAAAAAAkAAQAAABUAHIAYQBuAHMAbABhAHQAaQBvAG4AAAAAAAkE5AQ=","PDBNotPresent","","v4.0.30319"
"Microsoft.ApplicationInsights.Extensibility.Windows, Version=1.0.0.4225, Culture=neutral, PublicKeyToken=31bf3856ad364e35","","1434582480","lAM0AAAAVgBTAF8AVgBFAFIAUwBJAE8ATgBfAEkATgBGAE8AAAAAAL0E7/4AAAEAAAABAIEQAAAAAAEAgRAAAD8AAAAAAAAABAAAAAIAAAAAAAAAAAAAAAAAAABEAAAAAQBWAGEAcgBGAGkAbABlAEkAbgBmAG8AAAAAACQABAAAAFQAcgBhAG4AcwBsAGEAdABpAG8AbgAAAAAAAACwBPQCAAABAFMAdAByAGkAbgBnAEYAaQBsAGUASQBuAGYAbwAAANACAAABADAAMAAwADAAMAA0AGIAMAAAADQACgABAEMAbwBtAHAAYQBuAHkATgBhAG0AZQAAAAAATQBpAGMAcgBvAHMAbwBmAHQAAAAsAAIAAQBGAGkAbABlAEQAZQBzAGMAcgBpAHAAdABpAG8AbgAAAAAAIAAAADgACwABAEYAaQBsAGUAVgBlAHIAcwBpAG8AbgAAAAAAMQAuADAALgAwAC4ANAAyADIANQAAAAAAkAA4AAEASQBuAHQAZQByAG4AYQBsAE4AYQBtAGUAAABNAGkAYwByAG8AcwBvAGYAdAAuAEEAcABwAGwAaQBjAGEAdABpAG8AbgBJAG4AcwBpAGcAaAB0AHMALgBFAHgAdABlAG4AcwBpAGIAaQBsAGkAdAB5AC4AVwBpAG4AZABvAHcAcwAuAGQAbABsAAAAfAAsAAEATABlAGcAYQBsAEMAbwBwAHkAcgBpAGcAaAB0AAAAQwBvAHAAeQByAGkAZwBoAHQAIACpACAATQBpAGMAcgBvAHMAbwBmAHQALgAgAEEAbABsACAAUgBpAGcAaAB0AHMAIABSAGUAcwBlAHIAdgBlAGQALgAAAJgAOAABAE8AcgBpAGcAaQBuAGEAbABGAGkAbABlAG4AYQBtAGUAAABNAGkAYwByAG8AcwBvAGYAdAAuAEEAcABwAGwAaQBjAGEAdABpAG8AbgBJAG4AcwBpAGcAaAB0AHMALgBFAHgAdABlAG4AcwBpAGIAaQBsAGkAdAB5AC4AVwBpAG4AZABvAHcAcwAuAGQAbABsAAAAPAALAAEAUAByAG8AZAB1AGMAdABWAGUAcgBzAGkAbwBuAAAAMQAuADAALgAwAC4ANAAyADIANQAAAAAAQAALAAEAQQBzAHMAZQBtAGIAbAB5ACAAVgBlAHIAcwBpAG8AbgAAADEALgAwAC4AMAAuADQAMgAyADUAAAAAAA==","PDBNotPresent","","v4.0.30319"
"Microsoft.ApplicationInsights.PersistenceChannel, Version=1.0.0.4223, Culture=neutral, PublicKeyToken=31bf3856ad364e35","","1434581714","/AQ0AAAAVgBTAF8AVgBFAFIAUwBJAE8ATgBfAEkATgBGAE8AAAAAAL0E7/4AAAEAAAABAH8QAAAAAAEAfxAAAD8AAAAAAAAABAAAAAIAAAAAAAAAAAAAAAAAAABEAAAAAQBWAGEAcgBGAGkAbABlAEkAbgBmAG8AAAAAACQABAAAAFQAcgBhAG4AcwBsAGEAdABpAG8AbgAAAAAAAACwBFwEAAABAFMAdAByAGkAbgBnAEYAaQBsAGUASQBuAGYAbwAAADgEAAABADAAMAAwADAAMAA0AGIAMAAAAHQALQABAEMAbwBtAG0AZQBuAHQAcwAAAEEAcABwAGwAaQBjAGEAdABpAG8AbgAgAEkAbgBzAGkAZwBoAHQAcwAgAFMARABLACAAUABlAHIAcwBpAHMAdABlAG4AYwBlACAAYwBoAGEAbgBuAGUAbAAAAAAANAAKAAEAQwBvAG0AcABhAG4AeQBOAGEAbQBlAAAAAABNAGkAYwByAG8AcwBvAGYAdAAAAJwAOQABAEYAaQBsAGUARABlAHMAYwByAGkAcAB0AGkAbwBuAAAAAABNAGkAYwByAG8AcwBvAGYAdAAuAEEAcABwAGwAaQBjAGEAdABpAG8AbgBJAG4AcwBpAGcAaAB0AHMALgBDAGgAYQBuAG4AZQBsAC4AUABlAHIAcwBpAHMAdABlAG4AYwBlAEMAaABhAG4AbgBlAGwAAAAAADgACwABAEYAaQBsAGUAVgBlAHIAcwBpAG8AbgAAAAAAMQAuADAALgAwAC4ANAAyADIAMwAAAAAAjAA1AAEASQBuAHQAZQByAG4AYQBsAE4AYQBtAGUAAABNAGkAYwByAG8AcwBvAGYAdAAuAEEAcABwAGwAaQBjAGEAdABpAG8AbgBJAG4AcwBpAGcAaAB0AHMALgBQAGUAcgBzAGkAcwB0AGUAbgBjAGUAQwBoAGEAbgBuAGUAbAAuAGQAbABsAAAAAAB8ACwAAQBMAGUAZwBhAGwAQwBvAHAAeQByAGkAZwBoAHQAAABDAG8AcAB5AHIAaQBnAGgAdAAgAKkAIABNAGkAYwByAG8AcwBvAGYAdAAuACAAQQBsAGwAIABSAGkAZwBoAHQAcwAgAFIAZQBzAGUAcgB2AGUAZAAuAAAAlAA1AAEATwByAGkAZwBpAG4AYQBsAEYAaQBsAGUAbgBhAG0AZQAAAE0AaQBjAHIAbwBzAG8AZgB0AC4AQQBwAHAAbABpAGMAYQB0AGkAbwBuAEkAbgBzAGkAZwBoAHQAcwAuAFAAZQByAHMAaQBzAHQAZQBuAGMAZQBDAGgAYQBuAG4AZQBsAC4AZABsAGwAAAAAAIwANQABAFAAcgBvAGQAdQBjAHQATgBhAG0AZQAAAAAAQQBwAHAAbABpAGMAYQB0AGkAbwBuACAASQBuAHMAaQBnAGgAdABzACAAUwBEAEsAIABXAGkAbgBkAG8AdwBzACAAUABlAHIAcwBpAHMAdABlAG4AYwBlACAAYwBoAGEAbgBuAGUAbAAAAAAAPAALAAEAUAByAG8AZAB1AGMAdABWAGUAcgBzAGkAbwBuAAAAMQAuADAALgAwAC4ANAAyADIAMwAAAAAAQAALAAEAQQBzAHMAZQBtAGIAbAB5ACAAVgBlAHIAcwBpAG8AbgAAADEALgAwAC4AMAAuADQAMgAyADMAAAAAAA==","PDBNotPresent","","v4.0.30319"
"CustomCortanaCommands.Interop, Version=0.0.0.0, Culture=neutral, PublicKeyToken=null","","1456985080","nAI0AAAAVgBTAF8AVgBFAFIAUwBJAE8ATgBfAEkATgBGAE8AAAAAAL0E7/4AAAEAAAAAAAAAAAAAAAAAAAAAAD8AAAAAAAAABAAAAAIAAAAAAAAAAAAAAAAAAABEAAAAAQBWAGEAcgBGAGkAbABlAEkAbgBmAG8AAAAAACQABAAAAFQAcgBhAG4AcwBsAGEAdABpAG8AbgAAAAAAAACwBPwBAAABAFMAdAByAGkAbgBnAEYAaQBsAGUASQBuAGYAbwAAANgBAAABADAAMAAwADAAMAA0AGIAMAAAACwAAgABAEYAaQBsAGUARABlAHMAYwByAGkAcAB0AGkAbwBuAAAAAAAgAAAAMAAIAAEARgBpAGwAZQBWAGUAcgBzAGkAbwBuAAAAAAAwAC4AMAAuADAALgAwAAAAZAAiAAEASQBuAHQAZQByAG4AYQBsAE4AYQBtAGUAAABDAHUAcwB0AG8AbQBDAG8AcgB0AGEAbgBhAEMAbwBtAG0AYQBuAGQAcwAuAEkAbgB0AGUAcgBvAHAALgBkAGwAbAAAACgAAgABAEwAZQBnAGEAbABDAG8AcAB5AHIAaQBnAGgAdAAAACAAAABsACIAAQBPAHIAaQBnAGkAbgBhAGwARgBpAGwAZQBuAGEAbQBlAAAAQwB1AHMAdABvAG0AQwBvAHIAdABhAG4AYQBDAG8AbQBtAGEAbgBkAHMALgBJAG4AdABlAHIAbwBwAC4AZABsAGwAAAA0AAgAAQBQAHIAbwBkAHUAYwB0AFYAZQByAHMAaQBvAG4AAAAwAC4AMAAuADAALgAwAAAAOAAIAAEAQQBzAHMAZQBtAGIAbAB5ACAAVgBlAHIAcwBpAG8AbgAAADAALgAwAC4AMAAuADAAAAA=","PDBPresent","","v4.0.30319"
